#
# A fatal error has been detected by the Java Runtime Environment:
#
#  EXCEPTION_ACCESS_VIOLATION (0xc0000005) at pc=0x00007ffd7e111e47, pid=7928, tid=18904
#
# JRE version: OpenJDK Runtime Environment (21.0.3) (build 21.0.3+-12282718-b509.11)
# Java VM: OpenJDK 64-Bit Server VM (21.0.3+-12282718-b509.11, mixed mode, tiered, compressed oops, compressed class ptrs, g1 gc, windows-amd64)
# Problematic frame:
# V  [jvm.dll+0x681e47]
#
# No core dump will be written. Minidumps are not enabled by default on client versions of Windows
#
# If you would like to submit a bug report, please visit:
#   https://youtrack.jetbrains.com/issues/JBR
#

---------------  S U M M A R Y ------------

Command Line: --add-opens=java.base/java.util=ALL-UNNAMED --add-opens=java.base/java.lang=ALL-UNNAMED --add-opens=java.base/java.lang.invoke=ALL-UNNAMED --add-opens=java.prefs/java.util.prefs=ALL-UNNAMED --add-exports=jdk.compiler/com.sun.tools.javac.api=ALL-UNNAMED --add-exports=jdk.compiler/com.sun.tools.javac.util=ALL-UNNAMED --add-opens=java.base/java.nio.charset=ALL-UNNAMED --add-opens=java.base/java.net=ALL-UNNAMED --add-opens=java.base/java.util.concurrent.atomic=ALL-UNNAMED -Xmx2048m -Dfile.encoding=UTF-8 -Duser.country=IN -Duser.language=en -Duser.variant -javaagent:C:\Users\sande\.gradle\wrapper\dists\gradle-8.9-bin\90cnw93cvbtalezasaz0blq0a\gradle-8.9\lib\agents\gradle-instrumentation-agent-8.9.jar org.gradle.launcher.daemon.bootstrap.GradleDaemon 8.9

Host: Intel(R) Core(TM) i7-8550U CPU @ 1.80GHz, 8 cores, 23G,  Windows 10 , 64 bit Build 19041 (10.0.19041.5438)
Time: Sun Mar 23 10:21:48 2025 India Standard Time elapsed time: 4117.174466 seconds (0d 1h 8m 37s)

---------------  T H R E A D  ---------------

Current thread (0x0000022188377800):  WorkerThread "GC Thread#3"    [id=18904, stack(0x0000009c45700000,0x0000009c45800000) (1024K)]

Stack: [0x0000009c45700000,0x0000009c45800000],  sp=0x0000009c457ff780,  free space=1021k
Native frames: (J=compiled Java code, j=interpreted, Vv=VM code, C=native code)
V  [jvm.dll+0x681e47]
V  [jvm.dll+0x3bb718]
V  [jvm.dll+0x6d8032]
V  [jvm.dll+0x354f22]
V  [jvm.dll+0x885984]
V  [jvm.dll+0x800d78]
V  [jvm.dll+0x6c98cd]
C  [ucrtbase.dll+0x21bb2]
C  [KERNEL32.DLL+0x17374]
C  [ntdll.dll+0x4cc91]


siginfo: EXCEPTION_ACCESS_VIOLATION (0xc0000005), reading address 0xffffffffffffffff


Registers:
RAX=0x0000000000000034, RBX=0x00000221ffb5d620, RCX=0x0005000600050034, RDX=0x0000000000000000
RSP=0x0000009c457ff780, RBP=0x00000001002971c0, RSI=0x0005000600050034, RDI=0x0000000000000003
R8 =0x0000000000000003, R9 =0x00000221882ab510, R10=0x0000000000008002, R11=0x0000009c457ff708
R12=0x0000000000000000, R13=0x0000000000000000, R14=0x0000000000000000, R15=0x00000000000003d8
RIP=0x00007ffd7e111e47, EFLAGS=0x0000000000010202


Register to memory mapping:

RAX=0x0000000000000034 is an unknown value
RBX=0x00000221ffb5d620 points into unknown readable memory: 0x0000000000000000 | 00 00 00 00 00 00 00 00
RCX=0x0005000600050034 is an unknown value
RDX=0x0 is null
RSP=0x0000009c457ff780 points into unknown readable memory: 0x00000000000003d8 | d8 03 00 00 00 00 00 00
RBP=0x00000001002971c0 is a pointer to class: 
com.google.common.collect.AbstractMultimap {0x00000001002971c8}
 - instance size:     4
 - klass size:        120
 - access:            synchronized abstract 
 - flags:             rewritten has_nonstatic_fields should_verify_class has_nonstatic_concrete_methods has_localvariable_table has_miranda_methods has_vanilla_constructor 
 - state:             fully_initialized
 - name:              'com/google/common/collect/AbstractMultimap'
 - super:             'java/lang/Object'
 - sub:               'com/google/common/collect/AbstractMapBasedMultimap'   'com/google/common/collect/BaseImmutableMultimap'   
 - arrays:            null
 - methods:           Array<T>(0x000002218525b508)
 - method ordering:   Array<T>(0x0000022184000018)
 - default_methods:   Array<T>(0x0000022185258c38)
 - default vtable indices:   Array<T>(0x0000022185258c48)
 - local interfaces:  Array<T>(0x00000221852573b0)
 - trans. interfaces: Array<T>(0x00000221852573b0)
 - constants:         constant pool [282] {0x000002218525ab48} for 'com/google/common/collect/AbstractMultimap' cache=0x0000022184ab25d0
 - class loader data:  loader data: 0x00000221ffd28be0 for instance a 'org/gradle/internal/classloader/VisitableURLClassLoader'{0x000000008071c278}
 - source file:       'AbstractMultimap.java'
 - class annotations:       Array<T>(0x000002218525a5c8)
 - class type annotations:  Array<T>(0x000002218525a5d8)
 - field annotations:       Array<T>(0x0000022185258ba8)
 - field type annotations:  Array<T>(0x0000000000000000)
 - generic signature: '<K:Ljava/lang/Object;V:Ljava/lang/Object;>Ljava/lang/Object;Lcom/google/common/collect/Multimap<TK;TV;>;'
 - inner classes:     Array<T>(0x000002218525a5f8)
 - nest members:     Array<T>(0x0000022184000028)
 - permitted subclasses:     Array<T>(0x0000022184000028)
 - java mirror:       a 'java/lang/Class'{0x000000008116bff8} = 'com/google/common/collect/AbstractMultimap'
 - vtable length      33  (start addr: 0x00000001002973a8)
 - itable length      25 (start addr: 0x00000001002974b0)
 - ---- static fields (0 words):
 - ---- non-static fields (5 words):
 - private transient 'entries' 'Ljava/util/Collection;' @12 
 - private transient 'keySet' 'Ljava/util/Set;' @16 
 - private transient 'keys' 'Lcom/google/common/collect/Multiset;' @20 
 - private transient 'values' 'Ljava/util/Collection;' @24 
 - private transient 'asMap' 'Ljava/util/Map;' @28 
 - non-static oop maps: 12-28 
RSI=0x0005000600050034 is an unknown value
RDI=0x0000000000000003 is an unknown value
R8 =0x0000000000000003 is an unknown value
R9 =0x00000221882ab510 points into unknown readable memory: 0x0000000000000002 | 02 00 00 00 00 00 00 00
R10=0x0000000000008002 is an unknown value
R11=0x0000009c457ff708 points into unknown readable memory: 0x00007ffd7db4fe73 | 73 fe b4 7d fd 7f 00 00
R12=0x0 is null
R13=0x0 is null
R14=0x0 is null
R15=0x00000000000003d8 is an unknown value

Top of Stack: (sp=0x0000009c457ff780)
0x0000009c457ff780:   00000000000003d8 00000221ffd9e290
0x0000009c457ff790:   0000000000000160 00000221882ab510
0x0000009c457ff7a0:   00007ffd7e43ee00 00007ffd7dcb0300
0x0000009c457ff7b0:   00000000000003d8 0000000000000018
0x0000009c457ff7c0:   0000000000000000 0000000000000000
0x0000009c457ff7d0:   0000000000000003 00007ffd7de4b718
0x0000009c457ff7e0:   00000000000003d8 0005000600050034
0x0000009c457ff7f0:   00000001002971c0 00000221ffd9e280
0x0000009c457ff800:   00000221ffd9e668 00000221882ab510
0x0000009c457ff810:   00000221ffd9e280 00000221ffd9e290
0x0000009c457ff820:   0000009c449fe480 00007ffd7e168032
0x0000009c457ff830:   0000009c449fe480 00000221882ab510
0x0000009c457ff840:   00000221ffd9e668 0000000000000034
0x0000009c457ff850:   0000000000000030 0000000000000034
0x0000009c457ff860:   0000000000000000 00007ffd7dde4f22
0x0000009c457ff870:   0000009c449fe440 0000022188377800
0x0000009c457ff880:   00000221ffb5d620 0000000000000000
0x0000009c457ff890:   0000000000000000 00007ffd7e315984
0x0000009c457ff8a0:   00000221ec4745e8 0000022188377800
0x0000009c457ff8b0:   00000221ffb5d620 0000000000000000
0x0000009c457ff8c0:   0000000000000000 0000022188377800
0x0000009c457ff8d0:   0000000000100000 0000000000000000
0x0000009c457ff8e0:   0000000000000000 00007ffd7e290d78
0x0000009c457ff8f0:   0000022188377800 00000000ffffffff
0x0000009c457ff900:   0000009c457ff000 0000009c45700000
0x0000009c457ff910:   0000000000000004 0000000000001000
0x0000009c457ff920:   0000000400001000 0000000000020000
0x0000009c457ff930:   0000000000000000 00007ffd7e29153a
0x0000009c457ff940:   0000022188377800 0000000000000000
0x0000009c457ff950:   0000a45d337a9909 0000000000000000
0x0000009c457ff960:   0000000000000000 00007ffd7e1598cd
0x0000009c457ff970:   0000022188377800 0000022188377800 

Instructions: (pc=0x00007ffd7e111e47)
0x00007ffd7e111d47:   71 20 00 48 8b 7c 24 50 4c 8b 64 24 58 48 8b 5c
0x00007ffd7e111d57:   24 60 48 8b 6c 24 68 48 83 c4 30 41 5f 41 5e 5e
0x00007ffd7e111d67:   c3 48 8b cb e8 30 31 ac ff 0f b6 c0 4c 8d 0d 56
0x00007ffd7e111d77:   cc 32 00 41 b8 73 05 00 00 89 44 24 20 48 8d 15
0x00007ffd7e111d87:   5d cc 32 00 b9 00 00 00 e0 e8 3b b3 bf ff cc 48
0x00007ffd7e111d97:   8b cb e8 02 31 ac ff 0f b6 c0 4c 8d 0d 28 cc 32
0x00007ffd7e111da7:   00 41 b8 f1 06 00 00 89 44 24 20 48 8d 15 2f cc
0x00007ffd7e111db7:   32 00 b9 00 00 00 e0 e8 0d b3 bf ff cc 48 8b cb
0x00007ffd7e111dc7:   e8 d4 30 ac ff 0f b6 c0 4c 8d 0d fa cb 32 00 41
0x00007ffd7e111dd7:   b8 73 05 00 00 89 44 24 20 48 8d 15 01 cc 32 00
0x00007ffd7e111de7:   b9 00 00 00 e0 e8 df b2 bf ff cc cc cc cc cc cc
0x00007ffd7e111df7:   cc cc cc cc cc cc cc cc cc 48 89 5c 24 10 48 89
0x00007ffd7e111e07:   6c 24 18 48 89 74 24 20 57 41 54 41 55 41 56 41
0x00007ffd7e111e17:   57 48 83 ec 30 65 48 8b 04 25 58 00 00 00 44 0f
0x00007ffd7e111e27:   b6 f2 44 8b 05 a8 b2 55 00 48 8b f1 4a 8b 1c c0
0x00007ffd7e111e37:   b8 34 00 00 00 80 3c 18 00 75 05 e8 59 5d 20 00
0x00007ffd7e111e47:   83 be 00 01 00 00 00 b8 20 00 00 00 48 8b 04 18
0x00007ffd7e111e57:   48 8b a8 18 03 00 00 48 8b 7d 28 4c 8b 7d 10 4c
0x00007ffd7e111e67:   8b 65 18 4c 8b 6d 20 48 89 7c 24 60 7e 65 48 8d
0x00007ffd7e111e77:   8e 08 01 00 00 e8 8f 0d 00 00 48 8b f8 48 85 c0
0x00007ffd7e111e87:   74 4c 0f 1f 80 00 00 00 00 48 8b 07 41 0f b6 d6
0x00007ffd7e111e97:   48 8b cf ff 90 80 00 00 00 8b 5f 08 48 8b cf 48
0x00007ffd7e111ea7:   8b 07 2b de ff 10 8d 48 e0 8d 0c cb 3b 8e 00 01
0x00007ffd7e111eb7:   00 00 7d 1a 48 63 c1 48 8d 8e 08 01 00 00 48 03
0x00007ffd7e111ec7:   c8 e8 43 0d 00 00 48 8b f8 48 85 c0 75 bb 48 8b
0x00007ffd7e111ed7:   7c 24 60 48 63 86 04 01 00 00 83 f8 fe 74 35 48
0x00007ffd7e111ee7:   8d 8e 08 01 00 00 48 03 c8 e8 1b 0d 00 00 48 8b
0x00007ffd7e111ef7:   c8 48 8b d8 48 8b 10 ff 52 68 33 c9 84 c0 48 0f
0x00007ffd7e111f07:   45 cb 48 85 c9 74 0d 48 8b 01 41 0f b6 d6 ff 90
0x00007ffd7e111f17:   80 00 00 00 48 8d 05 de ce 32 00 44 88 74 24 28
0x00007ffd7e111f27:   48 8d 54 24 20 48 89 44 24 20 48 8b ce e8 87 fc
0x00007ffd7e111f37:   ff ff 49 83 3f 00 74 13 48 8b d7 48 8b cd e8 36 


Stack slot to memory mapping:

stack at sp + 0 slots: 0x00000000000003d8 is an unknown value
stack at sp + 1 slots: 0x00000221ffd9e290 points into unknown readable memory: 0x000000000000000c | 0c 00 00 00 00 00 00 00
stack at sp + 2 slots: 0x0000000000000160 is an unknown value
stack at sp + 3 slots: 0x00000221882ab510 points into unknown readable memory: 0x0000000000000002 | 02 00 00 00 00 00 00 00
stack at sp + 4 slots: 0x00007ffd7e43ee00 jvm.dll
stack at sp + 5 slots: 0x00007ffd7dcb0300 jvm.dll
stack at sp + 6 slots: 0x00000000000003d8 is an unknown value
stack at sp + 7 slots: 0x0000000000000018 is an unknown value


---------------  P R O C E S S  ---------------

Threads class SMR info:
_java_thread_list=0x000002218b1f41f0, length=114, elements={
0x00000221ec46bc90, 0x00000221ffbb5900, 0x00000221ffbb7470, 0x00000221ffbba000,
0x00000221ffbd2e80, 0x00000221ffbd38e0, 0x00000221ffba2610, 0x00000221ffbd4280,
0x00000221ffbdcd30, 0x00000221ffae0090, 0x0000022188274b60, 0x000002218938e290,
0x0000022189b90cc0, 0x0000022189d144a0, 0x0000022189fec2d0, 0x0000022189feaf20,
0x0000022189fec960, 0x000002218d084860, 0x000002218d080030, 0x000002218d082790,
0x000002218c5c4ea0, 0x000002218ef03930, 0x000002218b7af0e0, 0x000002218b7ad6a0,
0x000002218b7ac2f0, 0x000002218b7a9500, 0x000002218defe540, 0x000002218b79b680,
0x000002218defc470, 0x000002218b79a2d0, 0x000002218b78eb10, 0x000002218d0862a0,
0x000002218d0813e0, 0x000002218d082100, 0x000002218d086930, 0x000002218d086fc0,
0x000002218d085580, 0x000002218d087650, 0x000002218d085c10, 0x000002218d0806c0,
0x000002218b793340, 0x000002218b791f90, 0x000002218b795410, 0x000002218b790550,
0x000002218b78f1a0, 0x000002218b7946f0, 0x000002218b790be0, 0x000002218b78e480,
0x000002218b792620, 0x000002218b792cb0, 0x000002218b796130, 0x000002218b791900,
0x000002218b78f830, 0x000002218b795aa0, 0x000002218b7967c0, 0x000002218b796e50,
0x000002218b78fec0, 0x000002218b79d0c0, 0x000002218b7995b0, 0x000002218b79ca30,
0x000002218b79c3a0, 0x000002218b797b70, 0x000002218b798890, 0x000002218b79a960,
0x000002218cd84240, 0x000002218cd84f60, 0x000002218cd876c0, 0x000002218cd883e0,
0x000002218cd87030, 0x000002218cd855f0, 0x000002218cd88a70, 0x000002218cd85c80,
0x000002218cd86310, 0x000002218cd89100, 0x000002218cd87d50, 0x000002218cd89790,
0x000002218cd869a0, 0x000002218cd82800, 0x000002218cd83bb0, 0x000002218cd89e20,
0x000002218cd82e90, 0x000002218cd83520, 0x000002219545a980, 0x000002219545bd30,
0x000002219545d0e0, 0x000002219545b6a0, 0x000002219545c3c0, 0x0000022195459c60,
0x000002219545d770, 0x000002219545de00, 0x000002219545e490, 0x000002219545eb20,
0x000002219545f840, 0x000002219545fed0, 0x0000022195458f40, 0x0000022195460560,
0x000002218c0d4540, 0x00000221954595d0, 0x00000221894efdb0, 0x00000221894f2510,
0x00000221894ef090, 0x00000221894f17f0, 0x00000221894f3230, 0x00000221894eea00,
0x00000221894ef720, 0x000002218c0d2a00, 0x00000221894f0ad0, 0x00000221894f2ba0,
0x00000221894ec2a0, 0x00000221894f1160, 0x00000221894ec930, 0x00000221894f1e80,
0x000002218defaa30, 0x000002218defff80
}

Java Threads: ( => current thread )
  0x00000221ec46bc90 JavaThread "main"                              [_thread_blocked, id=9180, stack(0x0000009c44200000,0x0000009c44300000) (1024K)]
  0x00000221ffbb5900 JavaThread "Reference Handler"          daemon [_thread_blocked, id=13776, stack(0x0000009c44a00000,0x0000009c44b00000) (1024K)]
  0x00000221ffbb7470 JavaThread "Finalizer"                  daemon [_thread_blocked, id=21104, stack(0x0000009c44b00000,0x0000009c44c00000) (1024K)]
  0x00000221ffbba000 JavaThread "Signal Dispatcher"          daemon [_thread_blocked, id=8596, stack(0x0000009c44c00000,0x0000009c44d00000) (1024K)]
  0x00000221ffbd2e80 JavaThread "Attach Listener"            daemon [_thread_blocked, id=10412, stack(0x0000009c44d00000,0x0000009c44e00000) (1024K)]
  0x00000221ffbd38e0 JavaThread "Service Thread"             daemon [_thread_blocked, id=16136, stack(0x0000009c44e00000,0x0000009c44f00000) (1024K)]
  0x00000221ffba2610 JavaThread "Monitor Deflation Thread"   daemon [_thread_blocked, id=16900, stack(0x0000009c44f00000,0x0000009c45000000) (1024K)]
  0x00000221ffbd4280 JavaThread "C2 CompilerThread0"         daemon [_thread_blocked, id=10544, stack(0x0000009c45000000,0x0000009c45100000) (1024K)]
  0x00000221ffbdcd30 JavaThread "C1 CompilerThread0"         daemon [_thread_blocked, id=5976, stack(0x0000009c45100000,0x0000009c45200000) (1024K)]
  0x00000221ffae0090 JavaThread "Common-Cleaner"             daemon [_thread_blocked, id=18540, stack(0x0000009c45200000,0x0000009c45300000) (1024K)]
  0x0000022188274b60 JavaThread "Notification Thread"        daemon [_thread_blocked, id=5496, stack(0x0000009c45300000,0x0000009c45400000) (1024K)]
  0x000002218938e290 JavaThread "Daemon health stats"               [_thread_blocked, id=6776, stack(0x0000009c45d00000,0x0000009c45e00000) (1024K)]
  0x0000022189b90cc0 JavaThread "Incoming local TCP Connector on port 59428"        [_thread_in_native, id=17696, stack(0x0000009c45e00000,0x0000009c45f00000) (1024K)]
  0x0000022189d144a0 JavaThread "Daemon periodic checks"            [_thread_blocked, id=15480, stack(0x0000009c45f00000,0x0000009c46000000) (1024K)]
  0x0000022189fec2d0 JavaThread "Cache worker for journal cache (C:\Users\sande\.gradle\caches\journal-1)"        [_thread_blocked, id=15808, stack(0x0000009c46800000,0x0000009c46900000) (1024K)]
  0x0000022189feaf20 JavaThread "File lock request listener"        [_thread_in_native, id=3032, stack(0x0000009c46900000,0x0000009c46a00000) (1024K)]
  0x0000022189fec960 JavaThread "Cache worker for file hash cache (C:\Users\sande\.gradle\caches\8.9\fileHashes)"        [_thread_blocked, id=20720, stack(0x0000009c46a00000,0x0000009c46b00000) (1024K)]
  0x000002218d084860 JavaThread "File watcher server"        daemon [_thread_blocked, id=18284, stack(0x0000009c46d00000,0x0000009c46e00000) (1024K)]
  0x000002218d080030 JavaThread "File watcher consumer"      daemon [_thread_blocked, id=15608, stack(0x0000009c46e00000,0x0000009c46f00000) (1024K)]
  0x000002218d082790 JavaThread "Cache worker for file content cache (C:\Users\sande\.gradle\caches\8.9\fileContent)"        [_thread_blocked, id=20956, stack(0x0000009c45c00000,0x0000009c45d00000) (1024K)]
  0x000002218c5c4ea0 JavaThread "Memory manager"                    [_thread_blocked, id=9088, stack(0x0000009c48800000,0x0000009c48900000) (1024K)]
  0x000002218ef03930 JavaThread "pool-3-thread-1"                   [_thread_blocked, id=2164, stack(0x0000009c48c00000,0x0000009c48d00000) (1024K)]
  0x000002218b7af0e0 JavaThread "RMI Scheduler(0)"           daemon [_thread_blocked, id=18492, stack(0x0000009c48900000,0x0000009c48a00000) (1024K)]
  0x000002218b7ad6a0 JavaThread "RMI GC Daemon"              daemon [_thread_blocked, id=18888, stack(0x0000009c4d300000,0x0000009c4d400000) (1024K)]
  0x000002218b7ac2f0 JavaThread "RMI TCP Accept-0"           daemon [_thread_in_native, id=5616, stack(0x0000009c4d400000,0x0000009c4d500000) (1024K)]
  0x000002218b7a9500 JavaThread "RMI Reaper"                        [_thread_blocked, id=9252, stack(0x0000009c4d500000,0x0000009c4d600000) (1024K)]
  0x000002218defe540 JavaThread "pool-6-thread-1"                   [_thread_blocked, id=12008, stack(0x0000009c48700000,0x0000009c48800000) (1024K)]
  0x000002218b79b680 JavaThread "pool-10-thread-1"                  [_thread_blocked, id=17632, stack(0x0000009c48200000,0x0000009c48300000) (1024K)]
  0x000002218defc470 JavaThread "pool-13-thread-1"                  [_thread_blocked, id=9868, stack(0x0000009c48400000,0x0000009c48500000) (1024K)]
  0x000002218b79a2d0 JavaThread "pool-16-thread-1"                  [_thread_blocked, id=4840, stack(0x0000009c48a00000,0x0000009c48b00000) (1024K)]
  0x000002218b78eb10 JavaThread "pool-19-thread-1"                  [_thread_blocked, id=6208, stack(0x0000009c48000000,0x0000009c48100000) (1024K)]
  0x000002218d0862a0 JavaThread "Daemon Thread 5"                   [_thread_blocked, id=12176, stack(0x0000009c43f00000,0x0000009c44000000) (1024K)]
  0x000002218d0813e0 JavaThread "Handler for socket connection from /127.0.0.1:59428 to /127.0.0.1:59913"        [_thread_in_native, id=20772, stack(0x0000009c44000000,0x0000009c44100000) (1024K)]
  0x000002218d082100 JavaThread "Cancel handler"                    [_thread_blocked, id=2260, stack(0x0000009c44100000,0x0000009c44200000) (1024K)]
  0x000002218d086930 JavaThread "Daemon worker Thread 5"            [_thread_blocked, id=13700, stack(0x0000009c45400000,0x0000009c45500000) (1024K)]
  0x000002218d086fc0 JavaThread "Asynchronous log dispatcher for DefaultDaemonConnection: socket connection from /127.0.0.1:59428 to /127.0.0.1:59913"        [_thread_blocked, id=9024, stack(0x0000009c46000000,0x0000009c46100000) (1024K)]
  0x000002218d085580 JavaThread "Stdin handler"                     [_thread_blocked, id=20776, stack(0x0000009c46100000,0x0000009c46200000) (1024K)]
  0x000002218d087650 JavaThread "Daemon client event forwarder"        [_thread_blocked, id=3096, stack(0x0000009c46200000,0x0000009c46300000) (1024K)]
  0x000002218d085c10 JavaThread "Cache worker for file hash cache (C:\Users\sande\AndroidStudioProjects\Example8_lemonade\.gradle\8.9\fileHashes)"        [_thread_blocked, id=10464, stack(0x0000009c46300000,0x0000009c46400000) (1024K)]
  0x000002218d0806c0 JavaThread "Cache worker for Build Output Cleanup Cache (C:\Users\sande\AndroidStudioProjects\Example8_lemonade\.gradle\buildOutputCleanup)"        [_thread_blocked, id=15768, stack(0x0000009c46400000,0x0000009c46500000) (1024K)]
  0x000002218b793340 JavaThread "Cache worker for checksums cache (C:\Users\sande\AndroidStudioProjects\Example8_lemonade\.gradle\8.9\checksums)"        [_thread_blocked, id=17188, stack(0x0000009c46500000,0x0000009c46600000) (1024K)]
  0x000002218b791f90 JavaThread "Cache worker for cache directory md-rule (C:\Users\sande\.gradle\caches\8.9\md-rule)"        [_thread_blocked, id=11448, stack(0x0000009c46600000,0x0000009c46700000) (1024K)]
  0x000002218b795410 JavaThread "Cache worker for cache directory md-supplier (C:\Users\sande\.gradle\caches\8.9\md-supplier)"        [_thread_blocked, id=16488, stack(0x0000009c46b00000,0x0000009c46c00000) (1024K)]
  0x000002218b790550 JavaThread "Unconstrained build operations"        [_thread_blocked, id=2532, stack(0x0000009c47000000,0x0000009c47100000) (1024K)]
  0x000002218b78f1a0 JavaThread "Unconstrained build operations Thread 2"        [_thread_blocked, id=19132, stack(0x0000009c47100000,0x0000009c47200000) (1024K)]
  0x000002218b7946f0 JavaThread "Unconstrained build operations Thread 3"        [_thread_blocked, id=7236, stack(0x0000009c47200000,0x0000009c47300000) (1024K)]
  0x000002218b790be0 JavaThread "Unconstrained build operations Thread 4"        [_thread_blocked, id=12820, stack(0x0000009c47300000,0x0000009c47400000) (1024K)]
  0x000002218b78e480 JavaThread "Unconstrained build operations Thread 5"        [_thread_blocked, id=16672, stack(0x0000009c47400000,0x0000009c47500000) (1024K)]
  0x000002218b792620 JavaThread "Unconstrained build operations Thread 6"        [_thread_blocked, id=12084, stack(0x0000009c47500000,0x0000009c47600000) (1024K)]
  0x000002218b792cb0 JavaThread "Unconstrained build operations Thread 7"        [_thread_blocked, id=16428, stack(0x0000009c47600000,0x0000009c47700000) (1024K)]
  0x000002218b796130 JavaThread "Unconstrained build operations Thread 8"        [_thread_blocked, id=19528, stack(0x0000009c47700000,0x0000009c47800000) (1024K)]
  0x000002218b791900 JavaThread "Unconstrained build operations Thread 9"        [_thread_blocked, id=16064, stack(0x0000009c47800000,0x0000009c47900000) (1024K)]
  0x000002218b78f830 JavaThread "Unconstrained build operations Thread 10"        [_thread_blocked, id=15268, stack(0x0000009c47900000,0x0000009c47a00000) (1024K)]
  0x000002218b795aa0 JavaThread "Unconstrained build operations Thread 11"        [_thread_blocked, id=1916, stack(0x0000009c47a00000,0x0000009c47b00000) (1024K)]
  0x000002218b7967c0 JavaThread "Unconstrained build operations Thread 12"        [_thread_blocked, id=15960, stack(0x0000009c47b00000,0x0000009c47c00000) (1024K)]
  0x000002218b796e50 JavaThread "Unconstrained build operations Thread 13"        [_thread_blocked, id=18528, stack(0x0000009c47c00000,0x0000009c47d00000) (1024K)]
  0x000002218b78fec0 JavaThread "Unconstrained build operations Thread 14"        [_thread_blocked, id=8924, stack(0x0000009c47d00000,0x0000009c47e00000) (1024K)]
  0x000002218b79d0c0 JavaThread "pool-22-thread-1"                  [_thread_blocked, id=18552, stack(0x0000009c48100000,0x0000009c48200000) (1024K)]
  0x000002218b7995b0 JavaThread "included builds"                   [_thread_blocked, id=13084, stack(0x0000009c48500000,0x0000009c48600000) (1024K)]
  0x000002218b79ca30 JavaThread "Execution worker"                  [_thread_blocked, id=11752, stack(0x0000009c48600000,0x0000009c48700000) (1024K)]
  0x000002218b79c3a0 JavaThread "Execution worker Thread 2"         [_thread_blocked, id=11368, stack(0x0000009c48b00000,0x0000009c48c00000) (1024K)]
  0x000002218b797b70 JavaThread "Execution worker Thread 3"         [_thread_blocked, id=2452, stack(0x0000009c48d00000,0x0000009c48e00000) (1024K)]
  0x000002218b798890 JavaThread "Execution worker Thread 4"         [_thread_blocked, id=9140, stack(0x0000009c48e00000,0x0000009c48f00000) (1024K)]
  0x000002218b79a960 JavaThread "Execution worker Thread 5"         [_thread_blocked, id=21304, stack(0x0000009c48f00000,0x0000009c49000000) (1024K)]
  0x000002218cd84240 JavaThread "Execution worker Thread 6"         [_thread_blocked, id=21368, stack(0x0000009c49000000,0x0000009c49100000) (1024K)]
  0x000002218cd84f60 JavaThread "Execution worker Thread 7"         [_thread_blocked, id=18036, stack(0x0000009c49100000,0x0000009c49200000) (1024K)]
  0x000002218cd876c0 JavaThread "Cache worker for execution history cache (C:\Users\sande\AndroidStudioProjects\Example8_lemonade\.gradle\8.9\executionHistory)"        [_thread_blocked, id=7648, stack(0x0000009c49200000,0x0000009c49300000) (1024K)]
  0x000002218cd883e0 JavaThread "Unconstrained build operations Thread 15"        [_thread_blocked, id=5712, stack(0x0000009c49300000,0x0000009c49400000) (1024K)]
  0x000002218cd87030 JavaThread "Unconstrained build operations Thread 16"        [_thread_blocked, id=17848, stack(0x0000009c49400000,0x0000009c49500000) (1024K)]
  0x000002218cd855f0 JavaThread "Unconstrained build operations Thread 17"        [_thread_blocked, id=10692, stack(0x0000009c49500000,0x0000009c49600000) (1024K)]
  0x000002218cd88a70 JavaThread "Unconstrained build operations Thread 18"        [_thread_blocked, id=17228, stack(0x0000009c49600000,0x0000009c49700000) (1024K)]
  0x000002218cd85c80 JavaThread "Unconstrained build operations Thread 19"        [_thread_blocked, id=3400, stack(0x0000009c49700000,0x0000009c49800000) (1024K)]
  0x000002218cd86310 JavaThread "Unconstrained build operations Thread 20"        [_thread_blocked, id=16288, stack(0x0000009c49800000,0x0000009c49900000) (1024K)]
  0x000002218cd89100 JavaThread "Unconstrained build operations Thread 21"        [_thread_blocked, id=19424, stack(0x0000009c49900000,0x0000009c49a00000) (1024K)]
  0x000002218cd87d50 JavaThread "Unconstrained build operations Thread 22"        [_thread_blocked, id=20140, stack(0x0000009c49a00000,0x0000009c49b00000) (1024K)]
  0x000002218cd89790 JavaThread "Unconstrained build operations Thread 23"        [_thread_blocked, id=18812, stack(0x0000009c49b00000,0x0000009c49c00000) (1024K)]
  0x000002218cd869a0 JavaThread "Unconstrained build operations Thread 24"        [_thread_blocked, id=7208, stack(0x0000009c49c00000,0x0000009c49d00000) (1024K)]
  0x000002218cd82800 JavaThread "Unconstrained build operations Thread 25"        [_thread_blocked, id=11992, stack(0x0000009c49d00000,0x0000009c49e00000) (1024K)]
  0x000002218cd83bb0 JavaThread "Unconstrained build operations Thread 26"        [_thread_blocked, id=18080, stack(0x0000009c49e00000,0x0000009c49f00000) (1024K)]
  0x000002218cd89e20 JavaThread "Unconstrained build operations Thread 27"        [_thread_blocked, id=16332, stack(0x0000009c49f00000,0x0000009c4a000000) (1024K)]
  0x000002218cd82e90 JavaThread "Unconstrained build operations Thread 28"        [_thread_blocked, id=6920, stack(0x0000009c4a000000,0x0000009c4a100000) (1024K)]
  0x000002218cd83520 JavaThread "Unconstrained build operations Thread 29"        [_thread_blocked, id=21076, stack(0x0000009c4a100000,0x0000009c4a200000) (1024K)]
  0x000002219545a980 JavaThread "Unconstrained build operations Thread 30"        [_thread_blocked, id=18720, stack(0x0000009c4a200000,0x0000009c4a300000) (1024K)]
  0x000002219545bd30 JavaThread "Unconstrained build operations Thread 31"        [_thread_blocked, id=19256, stack(0x0000009c4a300000,0x0000009c4a400000) (1024K)]
  0x000002219545d0e0 JavaThread "Unconstrained build operations Thread 32"        [_thread_blocked, id=17496, stack(0x0000009c4a400000,0x0000009c4a500000) (1024K)]
  0x000002219545b6a0 JavaThread "Unconstrained build operations Thread 33"        [_thread_blocked, id=21232, stack(0x0000009c4a500000,0x0000009c4a600000) (1024K)]
  0x000002219545c3c0 JavaThread "Unconstrained build operations Thread 34"        [_thread_blocked, id=7984, stack(0x0000009c4a600000,0x0000009c4a700000) (1024K)]
  0x0000022195459c60 JavaThread "Unconstrained build operations Thread 35"        [_thread_blocked, id=13912, stack(0x0000009c4a700000,0x0000009c4a800000) (1024K)]
  0x000002219545d770 JavaThread "Unconstrained build operations Thread 36"        [_thread_blocked, id=15664, stack(0x0000009c4a800000,0x0000009c4a900000) (1024K)]
  0x000002219545de00 JavaThread "Unconstrained build operations Thread 37"        [_thread_blocked, id=15964, stack(0x0000009c4a900000,0x0000009c4aa00000) (1024K)]
  0x000002219545e490 JavaThread "WorkerExecutor Queue"              [_thread_blocked, id=9092, stack(0x0000009c4aa00000,0x0000009c4ab00000) (1024K)]
  0x000002219545eb20 JavaThread "Unconstrained build operations Thread 38"        [_thread_blocked, id=19340, stack(0x0000009c4ac00000,0x0000009c4ad00000) (1024K)]
  0x000002219545f840 JavaThread "Unconstrained build operations Thread 39"        [_thread_blocked, id=16336, stack(0x0000009c4ad00000,0x0000009c4ae00000) (1024K)]
  0x000002219545fed0 JavaThread "Unconstrained build operations Thread 40"        [_thread_blocked, id=3300, stack(0x0000009c4ae00000,0x0000009c4af00000) (1024K)]
  0x0000022195458f40 JavaThread "Unconstrained build operations Thread 41"        [_thread_blocked, id=8948, stack(0x0000009c4af00000,0x0000009c4b000000) (1024K)]
  0x0000022195460560 JavaThread "RMI TCP Connection(11)-127.0.0.1" daemon [_thread_in_native, id=6068, stack(0x0000009c4b000000,0x0000009c4b100000) (1024K)]
  0x000002218c0d4540 JavaThread "C2 CompilerThread1"         daemon [_thread_blocked, id=21152, stack(0x0000009c46c00000,0x0000009c46d00000) (1024K)]
  0x00000221954595d0 JavaThread "WorkerExecutor Queue Thread 2"        [_thread_blocked, id=17936, stack(0x0000009c46f00000,0x0000009c47000000) (1024K)]
  0x00000221894efdb0 JavaThread "WorkerExecutor Queue Thread 3"        [_thread_blocked, id=20824, stack(0x0000009c4b100000,0x0000009c4b200000) (1024K)]
  0x00000221894f2510 JavaThread "WorkerExecutor Queue Thread 4"        [_thread_blocked, id=18476, stack(0x0000009c4b200000,0x0000009c4b300000) (1024K)]
  0x00000221894ef090 JavaThread "WorkerExecutor Queue Thread 5"        [_thread_blocked, id=6164, stack(0x0000009c4b300000,0x0000009c4b400000) (1024K)]
  0x00000221894f17f0 JavaThread "WorkerExecutor Queue Thread 6"        [_thread_blocked, id=19324, stack(0x0000009c4b400000,0x0000009c4b500000) (1024K)]
  0x00000221894f3230 JavaThread "WorkerExecutor Queue Thread 7"        [_thread_blocked, id=7240, stack(0x0000009c4b500000,0x0000009c4b600000) (1024K)]
  0x00000221894eea00 JavaThread "WorkerExecutor Queue Thread 8"        [_thread_blocked, id=1932, stack(0x0000009c4b600000,0x0000009c4b700000) (1024K)]
  0x00000221894ef720 JavaThread "WorkerExecutor Queue Thread 9"        [_thread_blocked, id=13128, stack(0x0000009c4b700000,0x0000009c4b800000) (1024K)]
  0x000002218c0d2a00 JavaThread "C2 CompilerThread2"         daemon [_thread_blocked, id=19664, stack(0x0000009c4b800000,0x0000009c4b900000) (1024K)]
  0x00000221894f0ad0 JavaThread "ForkJoinPool.commonPool-worker-8" daemon [_thread_blocked, id=16556, stack(0x0000009c4b900000,0x0000009c4ba00000) (1024K)]
  0x00000221894f2ba0 JavaThread "ForkJoinPool.commonPool-worker-9" daemon [_thread_blocked, id=6132, stack(0x0000009c4ba00000,0x0000009c4bb00000) (1024K)]
  0x00000221894ec2a0 JavaThread "ForkJoinPool.commonPool-worker-10" daemon [_thread_blocked, id=21384, stack(0x0000009c4bb00000,0x0000009c4bc00000) (1024K)]
  0x00000221894f1160 JavaThread "ForkJoinPool.commonPool-worker-11" daemon [_thread_blocked, id=11540, stack(0x0000009c4bc00000,0x0000009c4bd00000) (1024K)]
  0x00000221894ec930 JavaThread "ForkJoinPool.commonPool-worker-12" daemon [_thread_blocked, id=9812, stack(0x0000009c4bd00000,0x0000009c4be00000) (1024K)]
  0x00000221894f1e80 JavaThread "ForkJoinPool.commonPool-worker-13" daemon [_thread_blocked, id=7764, stack(0x0000009c4be00000,0x0000009c4bf00000) (1024K)]
  0x000002218defaa30 JavaThread "ForkJoinPool.commonPool-worker-14" daemon [_thread_blocked, id=20828, stack(0x0000009c4bf00000,0x0000009c4c000000) (1024K)]
  0x000002218defff80 JavaThread "pool-21-thread-1"                  [_thread_blocked, id=20184, stack(0x0000009c47e00000,0x0000009c47f00000) (1024K)]
Total: 114

Other Threads:
  0x00000221ffb101d0 VMThread "VM Thread"                           [id=10964, stack(0x0000009c44900000,0x0000009c44a00000) (1024K)]
  0x00000221ffa30470 WatcherThread "VM Periodic Task Thread"        [id=12972, stack(0x0000009c44800000,0x0000009c44900000) (1024K)]
  0x00000221ec4c31e0 WorkerThread "GC Thread#0"                     [id=21328, stack(0x0000009c44300000,0x0000009c44400000) (1024K)]
  0x0000022188663a10 WorkerThread "GC Thread#1"                     [id=12948, stack(0x0000009c45500000,0x0000009c45600000) (1024K)]
  0x0000022188663db0 WorkerThread "GC Thread#2"                     [id=14392, stack(0x0000009c45600000,0x0000009c45700000) (1024K)]
=>0x0000022188377800 WorkerThread "GC Thread#3"                     [id=18904, stack(0x0000009c45700000,0x0000009c45800000) (1024K)]
  0x0000022188377ba0 WorkerThread "GC Thread#4"                     [id=21432, stack(0x0000009c45800000,0x0000009c45900000) (1024K)]
  0x00000221886c7c40 WorkerThread "GC Thread#5"                     [id=14080, stack(0x0000009c45900000,0x0000009c45a00000) (1024K)]
  0x0000022188283a80 WorkerThread "GC Thread#6"                     [id=13968, stack(0x0000009c45a00000,0x0000009c45b00000) (1024K)]
  0x0000022188621ca0 WorkerThread "GC Thread#7"                     [id=16432, stack(0x0000009c45b00000,0x0000009c45c00000) (1024K)]
  0x00000221ec4d40d0 ConcurrentGCThread "G1 Main Marker"            [id=13804, stack(0x0000009c44400000,0x0000009c44500000) (1024K)]
  0x00000221ec4d4c50 WorkerThread "G1 Conc#0"                       [id=10824, stack(0x0000009c44500000,0x0000009c44600000) (1024K)]
  0x0000022188621900 WorkerThread "G1 Conc#1"                       [id=16576, stack(0x0000009c46700000,0x0000009c46800000) (1024K)]
  0x00000221ec53e740 ConcurrentGCThread "G1 Refine#0"               [id=19696, stack(0x0000009c44600000,0x0000009c44700000) (1024K)]
  0x00000221ff9834f0 ConcurrentGCThread "G1 Service"                [id=8456, stack(0x0000009c44700000,0x0000009c44800000) (1024K)]
Total: 15

Threads with active compile tasks:
C2 CompilerThread0  4117255 22224   !   4       java.nio.file.Files::walkFileTree (297 bytes)
Total: 1

VM state: at safepoint (normal execution)

VM Mutex/Monitor currently owned by a thread:  ([mutex/lock_event])
[0x00007ffd7e6320c8] Threads_lock - owner thread: 0x00000221ffb101d0
[0x00007ffd7e6321c8] Heap_lock - owner thread: 0x00000221ec4d40d0

Heap address: 0x0000000080000000, size: 2048 MB, Compressed Oops mode: 32-bit

CDS archive(s) not mapped
Compressed class space mapped at: 0x0000000100000000-0x0000000140000000, reserved size: 1073741824
Narrow klass base: 0x0000000000000000, Narrow klass shift: 3, Narrow klass range: 0x140000000

GC Precious Log:
 CardTable entry size: 512
 Card Set container configuration: InlinePtr #cards 5 size 8 Array Of Cards #cards 12 size 40 Howl #buckets 4 coarsen threshold 1843 Howl Bitmap #cards 512 size 80 coarsen threshold 460 Card regions per heap region 1 cards per card region 2048
 CPUs: 8 total, 8 available
 Memory: 24473M
 Large Page Support: Disabled
 NUMA Support: Disabled
 Compressed Oops: Enabled (32-bit)
 Heap Region Size: 1M
 Heap Min Capacity: 8M
 Heap Initial Capacity: 384M
 Heap Max Capacity: 2G
 Pre-touch: Disabled
 Parallel Workers: 8
 Concurrent Workers: 2
 Concurrent Refinement Workers: 8
 Periodic GC: Disabled

Heap:
 garbage-first heap   total 293888K, used 193377K [0x0000000080000000, 0x0000000100000000)
  region size 1024K, 17 young (17408K), 13 survivors (13312K)
 Metaspace       used 152824K, committed 155200K, reserved 1245184K
  class space    used 20513K, committed 21696K, reserved 1048576K

Heap Regions: E=young(eden), S=young(survivor), O=old, HS=humongous(starts), HC=humongous(continues), CS=collection set, F=free, TAMS=top-at-mark-start, PB=parsable bottom
|   0|0x0000000080000000, 0x0000000080100000, 0x0000000080100000|100%|HS|  |TAMS 0x0000000080100000| PB 0x0000000080000000| Complete 
|   1|0x0000000080100000, 0x0000000080200000, 0x0000000080200000|100%|HC|  |TAMS 0x0000000080200000| PB 0x0000000080100000| Complete 
|   2|0x0000000080200000, 0x0000000080300000, 0x0000000080300000|100%|HC|  |TAMS 0x0000000080300000| PB 0x0000000080200000| Complete 
|   3|0x0000000080300000, 0x0000000080400000, 0x0000000080400000|100%|HC|  |TAMS 0x0000000080400000| PB 0x0000000080300000| Complete 
|   4|0x0000000080400000, 0x0000000080500000, 0x0000000080500000|100%| O|  |TAMS 0x0000000080500000| PB 0x0000000080400000| Untracked 
|   5|0x0000000080500000, 0x0000000080600000, 0x0000000080600000|100%| O|  |TAMS 0x0000000080600000| PB 0x0000000080500000| Untracked 
|   6|0x0000000080600000, 0x0000000080700000, 0x0000000080700000|100%| O|  |TAMS 0x0000000080700000| PB 0x0000000080600000| Untracked 
|   7|0x0000000080700000, 0x0000000080800000, 0x0000000080800000|100%| O|  |TAMS 0x0000000080800000| PB 0x0000000080700000| Untracked 
|   8|0x0000000080800000, 0x0000000080900000, 0x0000000080900000|100%| O|  |TAMS 0x0000000080900000| PB 0x0000000080800000| Untracked 
|   9|0x0000000080900000, 0x0000000080a00000, 0x0000000080a00000|100%| O|  |TAMS 0x0000000080a00000| PB 0x0000000080900000| Untracked 
|  10|0x0000000080a00000, 0x0000000080b00000, 0x0000000080b00000|100%|HS|  |TAMS 0x0000000080b00000| PB 0x0000000080a00000| Complete 
|  11|0x0000000080b00000, 0x0000000080c00000, 0x0000000080c00000|100%| O|  |TAMS 0x0000000080c00000| PB 0x0000000080b00000| Untracked 
|  12|0x0000000080c00000, 0x0000000080d00000, 0x0000000080d00000|100%| O|  |TAMS 0x0000000080d00000| PB 0x0000000080c00000| Untracked 
|  13|0x0000000080d00000, 0x0000000080e00000, 0x0000000080e00000|100%| O|  |TAMS 0x0000000080e00000| PB 0x0000000080d00000| Untracked 
|  14|0x0000000080e00000, 0x0000000080f00000, 0x0000000080f00000|100%| O|  |TAMS 0x0000000080f00000| PB 0x0000000080e00000| Untracked 
|  15|0x0000000080f00000, 0x0000000081000000, 0x0000000081000000|100%| O|  |TAMS 0x0000000081000000| PB 0x0000000080f00000| Untracked 
|  16|0x0000000081000000, 0x0000000081100000, 0x0000000081100000|100%| O|  |TAMS 0x0000000081100000| PB 0x0000000081000000| Untracked 
|  17|0x0000000081100000, 0x0000000081200000, 0x0000000081200000|100%| O|  |TAMS 0x0000000081200000| PB 0x0000000081100000| Untracked 
|  18|0x0000000081200000, 0x0000000081300000, 0x0000000081300000|100%| O|  |TAMS 0x0000000081300000| PB 0x0000000081200000| Untracked 
|  19|0x0000000081300000, 0x0000000081400000, 0x0000000081400000|100%| O|  |TAMS 0x0000000081400000| PB 0x0000000081300000| Untracked 
|  20|0x0000000081400000, 0x0000000081500000, 0x0000000081500000|100%| O|  |TAMS 0x0000000081500000| PB 0x0000000081400000| Untracked 
|  21|0x0000000081500000, 0x0000000081600000, 0x0000000081600000|100%| O|  |TAMS 0x0000000081600000| PB 0x0000000081500000| Untracked 
|  22|0x0000000081600000, 0x0000000081700000, 0x0000000081700000|100%| O|  |TAMS 0x0000000081700000| PB 0x0000000081600000| Untracked 
|  23|0x0000000081700000, 0x0000000081800000, 0x0000000081800000|100%| O|  |TAMS 0x0000000081800000| PB 0x0000000081700000| Untracked 
|  24|0x0000000081800000, 0x0000000081900000, 0x0000000081900000|100%| O|  |TAMS 0x0000000081900000| PB 0x0000000081800000| Untracked 
|  25|0x0000000081900000, 0x0000000081a00000, 0x0000000081a00000|100%| O|  |TAMS 0x0000000081a00000| PB 0x0000000081900000| Untracked 
|  26|0x0000000081a00000, 0x0000000081b00000, 0x0000000081b00000|100%| O|  |TAMS 0x0000000081b00000| PB 0x0000000081a00000| Untracked 
|  27|0x0000000081b00000, 0x0000000081c00000, 0x0000000081c00000|100%| O|  |TAMS 0x0000000081c00000| PB 0x0000000081b00000| Untracked 
|  28|0x0000000081c00000, 0x0000000081d00000, 0x0000000081d00000|100%| O|  |TAMS 0x0000000081d00000| PB 0x0000000081c00000| Untracked 
|  29|0x0000000081d00000, 0x0000000081e00000, 0x0000000081e00000|100%| O|  |TAMS 0x0000000081e00000| PB 0x0000000081d00000| Untracked 
|  30|0x0000000081e00000, 0x0000000081f00000, 0x0000000081f00000|100%| O|  |TAMS 0x0000000081f00000| PB 0x0000000081e00000| Untracked 
|  31|0x0000000081f00000, 0x0000000082000000, 0x0000000082000000|100%| O|  |TAMS 0x0000000082000000| PB 0x0000000081f00000| Untracked 
|  32|0x0000000082000000, 0x0000000082100000, 0x0000000082100000|100%| O|  |TAMS 0x0000000082100000| PB 0x0000000082000000| Untracked 
|  33|0x0000000082100000, 0x0000000082200000, 0x0000000082200000|100%| O|  |TAMS 0x0000000082200000| PB 0x0000000082100000| Untracked 
|  34|0x0000000082200000, 0x0000000082300000, 0x0000000082300000|100%| O|  |TAMS 0x0000000082300000| PB 0x0000000082200000| Untracked 
|  35|0x0000000082300000, 0x0000000082400000, 0x0000000082400000|100%| O|  |TAMS 0x0000000082400000| PB 0x0000000082300000| Untracked 
|  36|0x0000000082400000, 0x0000000082500000, 0x0000000082500000|100%| O|  |TAMS 0x0000000082500000| PB 0x0000000082400000| Untracked 
|  37|0x0000000082500000, 0x0000000082600000, 0x0000000082600000|100%| O|  |TAMS 0x0000000082600000| PB 0x0000000082500000| Untracked 
|  38|0x0000000082600000, 0x0000000082700000, 0x0000000082700000|100%| O|  |TAMS 0x0000000082700000| PB 0x0000000082600000| Untracked 
|  39|0x0000000082700000, 0x0000000082800000, 0x0000000082800000|100%| O|  |TAMS 0x0000000082800000| PB 0x0000000082700000| Untracked 
|  40|0x0000000082800000, 0x0000000082900000, 0x0000000082900000|100%| O|  |TAMS 0x0000000082900000| PB 0x0000000082800000| Untracked 
|  41|0x0000000082900000, 0x0000000082a00000, 0x0000000082a00000|100%| O|  |TAMS 0x0000000082a00000| PB 0x0000000082900000| Untracked 
|  42|0x0000000082a00000, 0x0000000082b00000, 0x0000000082b00000|100%| O|  |TAMS 0x0000000082b00000| PB 0x0000000082a00000| Untracked 
|  43|0x0000000082b00000, 0x0000000082c00000, 0x0000000082c00000|100%| O|  |TAMS 0x0000000082c00000| PB 0x0000000082b00000| Untracked 
|  44|0x0000000082c00000, 0x0000000082d00000, 0x0000000082d00000|100%| O|  |TAMS 0x0000000082d00000| PB 0x0000000082c00000| Untracked 
|  45|0x0000000082d00000, 0x0000000082e00000, 0x0000000082e00000|100%| O|  |TAMS 0x0000000082e00000| PB 0x0000000082d00000| Untracked 
|  46|0x0000000082e00000, 0x0000000082f00000, 0x0000000082f00000|100%| O|  |TAMS 0x0000000082f00000| PB 0x0000000082e00000| Untracked 
|  47|0x0000000082f00000, 0x0000000083000000, 0x0000000083000000|100%| O|  |TAMS 0x0000000083000000| PB 0x0000000082f00000| Untracked 
|  48|0x0000000083000000, 0x0000000083100000, 0x0000000083100000|100%| O|  |TAMS 0x0000000083100000| PB 0x0000000083000000| Untracked 
|  49|0x0000000083100000, 0x0000000083200000, 0x0000000083200000|100%|HS|  |TAMS 0x0000000083200000| PB 0x0000000083100000| Complete 
|  50|0x0000000083200000, 0x0000000083300000, 0x0000000083300000|100%|HS|  |TAMS 0x0000000083300000| PB 0x0000000083200000| Complete 
|  51|0x0000000083300000, 0x0000000083400000, 0x0000000083400000|100%|HS|  |TAMS 0x0000000083400000| PB 0x0000000083300000| Complete 
|  52|0x0000000083400000, 0x0000000083500000, 0x0000000083500000|100%|HC|  |TAMS 0x0000000083500000| PB 0x0000000083400000| Complete 
|  53|0x0000000083500000, 0x0000000083600000, 0x0000000083600000|100%|HS|  |TAMS 0x0000000083600000| PB 0x0000000083500000| Complete 
|  54|0x0000000083600000, 0x0000000083700000, 0x0000000083700000|100%|HC|  |TAMS 0x0000000083700000| PB 0x0000000083600000| Complete 
|  55|0x0000000083700000, 0x0000000083800000, 0x0000000083800000|100%|HS|  |TAMS 0x0000000083800000| PB 0x0000000083700000| Complete 
|  56|0x0000000083800000, 0x0000000083900000, 0x0000000083900000|100%|HS|  |TAMS 0x0000000083900000| PB 0x0000000083800000| Complete 
|  57|0x0000000083900000, 0x0000000083a00000, 0x0000000083a00000|100%|HC|  |TAMS 0x0000000083a00000| PB 0x0000000083900000| Complete 
|  58|0x0000000083a00000, 0x0000000083b00000, 0x0000000083b00000|100%|HC|  |TAMS 0x0000000083b00000| PB 0x0000000083a00000| Complete 
|  59|0x0000000083b00000, 0x0000000083c00000, 0x0000000083c00000|100%|HS|  |TAMS 0x0000000083c00000| PB 0x0000000083b00000| Complete 
|  60|0x0000000083c00000, 0x0000000083d00000, 0x0000000083d00000|100%| O|  |TAMS 0x0000000083d00000| PB 0x0000000083c00000| Untracked 
|  61|0x0000000083d00000, 0x0000000083e00000, 0x0000000083e00000|100%|HS|  |TAMS 0x0000000083e00000| PB 0x0000000083d00000| Complete 
|  62|0x0000000083e00000, 0x0000000083f00000, 0x0000000083f00000|100%|HS|  |TAMS 0x0000000083f00000| PB 0x0000000083e00000| Complete 
|  63|0x0000000083f00000, 0x0000000084000000, 0x0000000084000000|100%| O|  |TAMS 0x0000000084000000| PB 0x0000000083f00000| Untracked 
|  64|0x0000000084000000, 0x0000000084100000, 0x0000000084100000|100%| O|  |TAMS 0x0000000084100000| PB 0x0000000084000000| Untracked 
|  65|0x0000000084100000, 0x0000000084200000, 0x0000000084200000|100%| O|  |TAMS 0x0000000084200000| PB 0x0000000084100000| Untracked 
|  66|0x0000000084200000, 0x0000000084300000, 0x0000000084300000|100%| O|  |TAMS 0x0000000084300000| PB 0x0000000084200000| Untracked 
|  67|0x0000000084300000, 0x0000000084400000, 0x0000000084400000|100%| O|  |TAMS 0x0000000084400000| PB 0x0000000084300000| Untracked 
|  68|0x0000000084400000, 0x0000000084500000, 0x0000000084500000|100%| O|  |TAMS 0x0000000084500000| PB 0x0000000084400000| Untracked 
|  69|0x0000000084500000, 0x0000000084600000, 0x0000000084600000|100%| O|  |TAMS 0x0000000084600000| PB 0x0000000084500000| Untracked 
|  70|0x0000000084600000, 0x0000000084700000, 0x0000000084700000|100%| O|  |TAMS 0x0000000084700000| PB 0x0000000084600000| Untracked 
|  71|0x0000000084700000, 0x0000000084800000, 0x0000000084800000|100%| O|  |TAMS 0x0000000084800000| PB 0x0000000084700000| Untracked 
|  72|0x0000000084800000, 0x0000000084900000, 0x0000000084900000|100%| O|  |TAMS 0x0000000084900000| PB 0x0000000084800000| Untracked 
|  73|0x0000000084900000, 0x0000000084a00000, 0x0000000084a00000|100%| O|  |TAMS 0x0000000084a00000| PB 0x0000000084900000| Untracked 
|  74|0x0000000084a00000, 0x0000000084b00000, 0x0000000084b00000|100%| O|  |TAMS 0x0000000084b00000| PB 0x0000000084a00000| Untracked 
|  75|0x0000000084b00000, 0x0000000084c00000, 0x0000000084c00000|100%| O|  |TAMS 0x0000000084c00000| PB 0x0000000084b00000| Untracked 
|  76|0x0000000084c00000, 0x0000000084d00000, 0x0000000084d00000|100%| O|  |TAMS 0x0000000084d00000| PB 0x0000000084c00000| Untracked 
|  77|0x0000000084d00000, 0x0000000084e00000, 0x0000000084e00000|100%|HS|  |TAMS 0x0000000084e00000| PB 0x0000000084d00000| Complete 
|  78|0x0000000084e00000, 0x0000000084f00000, 0x0000000084f00000|100%| O|  |TAMS 0x0000000084f00000| PB 0x0000000084e00000| Untracked 
|  79|0x0000000084f00000, 0x0000000085000000, 0x0000000085000000|100%| O|  |TAMS 0x0000000085000000| PB 0x0000000084f00000| Untracked 
|  80|0x0000000085000000, 0x0000000085100000, 0x0000000085100000|100%| O|  |TAMS 0x0000000085100000| PB 0x0000000085000000| Untracked 
|  81|0x0000000085100000, 0x0000000085200000, 0x0000000085200000|100%|HS|  |TAMS 0x0000000085200000| PB 0x0000000085100000| Complete 
|  82|0x0000000085200000, 0x0000000085300000, 0x0000000085300000|100%|HC|  |TAMS 0x0000000085300000| PB 0x0000000085200000| Complete 
|  83|0x0000000085300000, 0x0000000085400000, 0x0000000085400000|100%|HC|  |TAMS 0x0000000085400000| PB 0x0000000085300000| Complete 
|  84|0x0000000085400000, 0x0000000085500000, 0x0000000085500000|100%| O|  |TAMS 0x0000000085500000| PB 0x0000000085400000| Untracked 
|  85|0x0000000085500000, 0x0000000085600000, 0x0000000085600000|100%| O|  |TAMS 0x0000000085600000| PB 0x0000000085500000| Untracked 
|  86|0x0000000085600000, 0x0000000085700000, 0x0000000085700000|100%| O|  |TAMS 0x0000000085600000| PB 0x0000000085600000| Untracked 
|  87|0x0000000085700000, 0x0000000085800000, 0x0000000085800000|100%| O|  |TAMS 0x0000000085800000| PB 0x0000000085700000| Untracked 
|  88|0x0000000085800000, 0x0000000085900000, 0x0000000085900000|100%| O|  |TAMS 0x0000000085900000| PB 0x0000000085800000| Untracked 
|  89|0x0000000085900000, 0x0000000085a00000, 0x0000000085a00000|100%| O|  |TAMS 0x0000000085a00000| PB 0x0000000085900000| Untracked 
|  90|0x0000000085a00000, 0x0000000085b00000, 0x0000000085b00000|100%| O|  |TAMS 0x0000000085a00000| PB 0x0000000085a00000| Untracked 
|  91|0x0000000085b00000, 0x0000000085c00000, 0x0000000085c00000|100%| O|  |TAMS 0x0000000085c00000| PB 0x0000000085b00000| Untracked 
|  92|0x0000000085c00000, 0x0000000085d00000, 0x0000000085d00000|100%| O|  |TAMS 0x0000000085d00000| PB 0x0000000085c00000| Untracked 
|  93|0x0000000085d00000, 0x0000000085e00000, 0x0000000085e00000|100%| O|  |TAMS 0x0000000085e00000| PB 0x0000000085d00000| Untracked 
|  94|0x0000000085e00000, 0x0000000085f00000, 0x0000000085f00000|100%| O|  |TAMS 0x0000000085f00000| PB 0x0000000085e00000| Untracked 
|  95|0x0000000085f00000, 0x0000000086000000, 0x0000000086000000|100%| O|  |TAMS 0x0000000086000000| PB 0x0000000085f00000| Untracked 
|  96|0x0000000086000000, 0x0000000086100000, 0x0000000086100000|100%| O|  |TAMS 0x0000000086100000| PB 0x0000000086000000| Untracked 
|  97|0x0000000086100000, 0x0000000086200000, 0x0000000086200000|100%| O|  |TAMS 0x0000000086200000| PB 0x0000000086100000| Untracked 
|  98|0x0000000086200000, 0x0000000086300000, 0x0000000086300000|100%| O|  |TAMS 0x0000000086300000| PB 0x0000000086200000| Untracked 
|  99|0x0000000086300000, 0x0000000086400000, 0x0000000086400000|100%| O|  |TAMS 0x0000000086400000| PB 0x0000000086300000| Untracked 
| 100|0x0000000086400000, 0x0000000086500000, 0x0000000086500000|100%| O|  |TAMS 0x0000000086500000| PB 0x0000000086400000| Untracked 
| 101|0x0000000086500000, 0x0000000086600000, 0x0000000086600000|100%| O|  |TAMS 0x0000000086600000| PB 0x0000000086500000| Untracked 
| 102|0x0000000086600000, 0x0000000086700000, 0x0000000086700000|100%| O|  |TAMS 0x0000000086700000| PB 0x0000000086600000| Untracked 
| 103|0x0000000086700000, 0x0000000086800000, 0x0000000086800000|100%| O|  |TAMS 0x0000000086800000| PB 0x0000000086700000| Untracked 
| 104|0x0000000086800000, 0x0000000086900000, 0x0000000086900000|100%| O|  |TAMS 0x0000000086900000| PB 0x0000000086800000| Untracked 
| 105|0x0000000086900000, 0x0000000086a00000, 0x0000000086a00000|100%| O|  |TAMS 0x0000000086a00000| PB 0x0000000086900000| Untracked 
| 106|0x0000000086a00000, 0x0000000086b00000, 0x0000000086b00000|100%| O|  |TAMS 0x0000000086b00000| PB 0x0000000086a00000| Untracked 
| 107|0x0000000086b00000, 0x0000000086c00000, 0x0000000086c00000|100%| O|  |TAMS 0x0000000086c00000| PB 0x0000000086b00000| Untracked 
| 108|0x0000000086c00000, 0x0000000086d00000, 0x0000000086d00000|100%| O|  |TAMS 0x0000000086d00000| PB 0x0000000086c00000| Untracked 
| 109|0x0000000086d00000, 0x0000000086e00000, 0x0000000086e00000|100%| O|  |TAMS 0x0000000086e00000| PB 0x0000000086d00000| Untracked 
| 110|0x0000000086e00000, 0x0000000086f00000, 0x0000000086f00000|100%| O|  |TAMS 0x0000000086f00000| PB 0x0000000086e00000| Untracked 
| 111|0x0000000086f00000, 0x0000000087000000, 0x0000000087000000|100%| O|  |TAMS 0x0000000087000000| PB 0x0000000086f00000| Untracked 
| 112|0x0000000087000000, 0x0000000087100000, 0x0000000087100000|100%| O|  |TAMS 0x0000000087100000| PB 0x0000000087000000| Untracked 
| 113|0x0000000087100000, 0x0000000087200000, 0x0000000087200000|100%| O|  |TAMS 0x0000000087200000| PB 0x0000000087100000| Untracked 
| 114|0x0000000087200000, 0x0000000087300000, 0x0000000087300000|100%| O|  |TAMS 0x0000000087300000| PB 0x0000000087200000| Untracked 
| 115|0x0000000087300000, 0x0000000087400000, 0x0000000087400000|100%| O|  |TAMS 0x0000000087400000| PB 0x0000000087300000| Untracked 
| 116|0x0000000087400000, 0x0000000087500000, 0x0000000087500000|100%| O|  |TAMS 0x0000000087500000| PB 0x0000000087400000| Untracked 
| 117|0x0000000087500000, 0x0000000087600000, 0x0000000087600000|100%| O|  |TAMS 0x0000000087600000| PB 0x0000000087500000| Untracked 
| 118|0x0000000087600000, 0x0000000087700000, 0x0000000087700000|100%| O|  |TAMS 0x0000000087700000| PB 0x0000000087600000| Untracked 
| 119|0x0000000087700000, 0x0000000087800000, 0x0000000087800000|100%| O|  |TAMS 0x0000000087800000| PB 0x0000000087700000| Untracked 
| 120|0x0000000087800000, 0x0000000087900000, 0x0000000087900000|100%| O|  |TAMS 0x0000000087900000| PB 0x0000000087800000| Untracked 
| 121|0x0000000087900000, 0x0000000087a00000, 0x0000000087a00000|100%| O|  |TAMS 0x0000000087a00000| PB 0x0000000087900000| Untracked 
| 122|0x0000000087a00000, 0x0000000087b00000, 0x0000000087b00000|100%| O|  |TAMS 0x0000000087b00000| PB 0x0000000087a00000| Untracked 
| 123|0x0000000087b00000, 0x0000000087c00000, 0x0000000087c00000|100%| O|  |TAMS 0x0000000087c00000| PB 0x0000000087b00000| Untracked 
| 124|0x0000000087c00000, 0x0000000087d00000, 0x0000000087d00000|100%| O|  |TAMS 0x0000000087c00000| PB 0x0000000087c00000| Untracked 
| 125|0x0000000087d00000, 0x0000000087e00000, 0x0000000087e00000|100%| O|  |TAMS 0x0000000087d00000| PB 0x0000000087d00000| Untracked 
| 126|0x0000000087e00000, 0x0000000087e96a80, 0x0000000087f00000| 58%| O|  |TAMS 0x0000000087e00000| PB 0x0000000087e00000| Untracked 
| 127|0x0000000087f00000, 0x0000000088000000, 0x0000000088000000|100%| O|  |TAMS 0x0000000088000000| PB 0x0000000087f00000| Untracked 
| 128|0x0000000088000000, 0x0000000088100000, 0x0000000088100000|100%|HS|  |TAMS 0x0000000088000000| PB 0x0000000088000000| Complete 
| 129|0x0000000088100000, 0x0000000088200000, 0x0000000088200000|100%|HC|  |TAMS 0x0000000088100000| PB 0x0000000088100000| Complete 
| 130|0x0000000088200000, 0x0000000088300000, 0x0000000088300000|100%| O|  |TAMS 0x0000000088300000| PB 0x0000000088200000| Untracked 
| 131|0x0000000088300000, 0x0000000088400000, 0x0000000088400000|100%| O|  |TAMS 0x0000000088400000| PB 0x0000000088300000| Untracked 
| 132|0x0000000088400000, 0x0000000088500000, 0x0000000088500000|100%| O|  |TAMS 0x0000000088500000| PB 0x0000000088400000| Untracked 
| 133|0x0000000088500000, 0x0000000088600000, 0x0000000088600000|100%| O|  |TAMS 0x0000000088600000| PB 0x0000000088500000| Untracked 
| 134|0x0000000088600000, 0x0000000088700000, 0x0000000088700000|100%| O|  |TAMS 0x0000000088700000| PB 0x0000000088600000| Untracked 
| 135|0x0000000088700000, 0x0000000088800000, 0x0000000088800000|100%| O|  |TAMS 0x0000000088800000| PB 0x0000000088700000| Untracked 
| 136|0x0000000088800000, 0x0000000088900000, 0x0000000088900000|100%| O|  |TAMS 0x0000000088900000| PB 0x0000000088800000| Untracked 
| 137|0x0000000088900000, 0x0000000088a00000, 0x0000000088a00000|100%| O|  |TAMS 0x0000000088a00000| PB 0x0000000088900000| Untracked 
| 138|0x0000000088a00000, 0x0000000088a00000, 0x0000000088b00000|  0%| F|  |TAMS 0x0000000088a00000| PB 0x0000000088a00000| Untracked 
| 139|0x0000000088b00000, 0x0000000088c00000, 0x0000000088c00000|100%| O|  |TAMS 0x0000000088c00000| PB 0x0000000088b00000| Untracked 
| 140|0x0000000088c00000, 0x0000000088d00000, 0x0000000088d00000|100%| O|  |TAMS 0x0000000088d00000| PB 0x0000000088c00000| Untracked 
| 141|0x0000000088d00000, 0x0000000088e00000, 0x0000000088e00000|100%| O|  |TAMS 0x0000000088e00000| PB 0x0000000088d00000| Untracked 
| 142|0x0000000088e00000, 0x0000000088f00000, 0x0000000088f00000|100%| O|  |TAMS 0x0000000088f00000| PB 0x0000000088e00000| Untracked 
| 143|0x0000000088f00000, 0x0000000089000000, 0x0000000089000000|100%| O|  |TAMS 0x0000000089000000| PB 0x0000000088f00000| Untracked 
| 144|0x0000000089000000, 0x0000000089100000, 0x0000000089100000|100%| O|  |TAMS 0x0000000089100000| PB 0x0000000089000000| Untracked 
| 145|0x0000000089100000, 0x0000000089200000, 0x0000000089200000|100%| O|  |TAMS 0x0000000089200000| PB 0x0000000089100000| Untracked 
| 146|0x0000000089200000, 0x0000000089300000, 0x0000000089300000|100%| O|  |TAMS 0x0000000089300000| PB 0x0000000089200000| Untracked 
| 147|0x0000000089300000, 0x0000000089400000, 0x0000000089400000|100%| O|  |TAMS 0x0000000089400000| PB 0x0000000089300000| Untracked 
| 148|0x0000000089400000, 0x0000000089500000, 0x0000000089500000|100%| O|  |TAMS 0x0000000089500000| PB 0x0000000089400000| Untracked 
| 149|0x0000000089500000, 0x0000000089600000, 0x0000000089600000|100%| O|  |TAMS 0x0000000089600000| PB 0x0000000089500000| Untracked 
| 150|0x0000000089600000, 0x0000000089700000, 0x0000000089700000|100%| O|  |TAMS 0x0000000089700000| PB 0x0000000089600000| Untracked 
| 151|0x0000000089700000, 0x0000000089800000, 0x0000000089800000|100%| O|  |TAMS 0x0000000089800000| PB 0x0000000089700000| Untracked 
| 152|0x0000000089800000, 0x0000000089900000, 0x0000000089900000|100%| O|  |TAMS 0x0000000089900000| PB 0x0000000089800000| Untracked 
| 153|0x0000000089900000, 0x0000000089a00000, 0x0000000089a00000|100%| O|  |TAMS 0x0000000089a00000| PB 0x0000000089900000| Untracked 
| 154|0x0000000089a00000, 0x0000000089b00000, 0x0000000089b00000|100%| O|  |TAMS 0x0000000089b00000| PB 0x0000000089a00000| Untracked 
| 155|0x0000000089b00000, 0x0000000089c00000, 0x0000000089c00000|100%| O|  |TAMS 0x0000000089b659f0| PB 0x0000000089b00000| Untracked 
| 156|0x0000000089c00000, 0x0000000089d00000, 0x0000000089d00000|100%|HS|  |TAMS 0x0000000089c00000| PB 0x0000000089c00000| Complete 
| 157|0x0000000089d00000, 0x0000000089e00000, 0x0000000089e00000|100%|HC|  |TAMS 0x0000000089d00000| PB 0x0000000089d00000| Complete 
| 158|0x0000000089e00000, 0x0000000089f00000, 0x0000000089f00000|100%|HS|  |TAMS 0x0000000089e00000| PB 0x0000000089e00000| Complete 
| 159|0x0000000089f00000, 0x000000008a000000, 0x000000008a000000|100%|HC|  |TAMS 0x0000000089f00000| PB 0x0000000089f00000| Complete 
| 160|0x000000008a000000, 0x000000008a100000, 0x000000008a100000|100%|HS|  |TAMS 0x000000008a000000| PB 0x000000008a000000| Complete 
| 161|0x000000008a100000, 0x000000008a200000, 0x000000008a200000|100%|HC|  |TAMS 0x000000008a100000| PB 0x000000008a100000| Complete 
| 162|0x000000008a200000, 0x000000008a300000, 0x000000008a300000|100%|HS|  |TAMS 0x000000008a200000| PB 0x000000008a200000| Complete 
| 163|0x000000008a300000, 0x000000008a400000, 0x000000008a400000|100%|HC|  |TAMS 0x000000008a300000| PB 0x000000008a300000| Complete 
| 164|0x000000008a400000, 0x000000008a500000, 0x000000008a500000|100%|HS|  |TAMS 0x000000008a400000| PB 0x000000008a400000| Complete 
| 165|0x000000008a500000, 0x000000008a600000, 0x000000008a600000|100%|HC|  |TAMS 0x000000008a500000| PB 0x000000008a500000| Complete 
| 166|0x000000008a600000, 0x000000008a700000, 0x000000008a700000|100%|HS|  |TAMS 0x000000008a600000| PB 0x000000008a600000| Complete 
| 167|0x000000008a700000, 0x000000008a800000, 0x000000008a800000|100%|HC|  |TAMS 0x000000008a700000| PB 0x000000008a700000| Complete 
| 168|0x000000008a800000, 0x000000008a900000, 0x000000008a900000|100%|HS|  |TAMS 0x000000008a800000| PB 0x000000008a800000| Complete 
| 169|0x000000008a900000, 0x000000008aa00000, 0x000000008aa00000|100%|HC|  |TAMS 0x000000008a900000| PB 0x000000008a900000| Complete 
| 170|0x000000008aa00000, 0x000000008aa00000, 0x000000008ab00000|  0%| F|  |TAMS 0x000000008aa00000| PB 0x000000008aa00000| Untracked 
| 171|0x000000008ab00000, 0x000000008ab00000, 0x000000008ac00000|  0%| F|  |TAMS 0x000000008ab00000| PB 0x000000008ab00000| Untracked 
| 172|0x000000008ac00000, 0x000000008ac00000, 0x000000008ad00000|  0%| F|  |TAMS 0x000000008ac00000| PB 0x000000008ac00000| Untracked 
| 173|0x000000008ad00000, 0x000000008ad00000, 0x000000008ae00000|  0%| F|  |TAMS 0x000000008ad00000| PB 0x000000008ad00000| Untracked 
| 174|0x000000008ae00000, 0x000000008ae00000, 0x000000008af00000|  0%| F|  |TAMS 0x000000008ae00000| PB 0x000000008ae00000| Untracked 
| 175|0x000000008af00000, 0x000000008af00000, 0x000000008b000000|  0%| F|  |TAMS 0x000000008af00000| PB 0x000000008af00000| Untracked 
| 176|0x000000008b000000, 0x000000008b000000, 0x000000008b100000|  0%| F|  |TAMS 0x000000008b000000| PB 0x000000008b000000| Untracked 
| 177|0x000000008b100000, 0x000000008b100000, 0x000000008b200000|  0%| F|  |TAMS 0x000000008b100000| PB 0x000000008b100000| Untracked 
| 178|0x000000008b200000, 0x000000008b200000, 0x000000008b300000|  0%| F|  |TAMS 0x000000008b200000| PB 0x000000008b200000| Untracked 
| 179|0x000000008b300000, 0x000000008b300000, 0x000000008b400000|  0%| F|  |TAMS 0x000000008b300000| PB 0x000000008b300000| Untracked 
| 180|0x000000008b400000, 0x000000008b400000, 0x000000008b500000|  0%| F|  |TAMS 0x000000008b400000| PB 0x000000008b400000| Untracked 
| 181|0x000000008b500000, 0x000000008b500000, 0x000000008b600000|  0%| F|  |TAMS 0x000000008b500000| PB 0x000000008b500000| Untracked 
| 182|0x000000008b600000, 0x000000008b600000, 0x000000008b700000|  0%| F|  |TAMS 0x000000008b600000| PB 0x000000008b600000| Untracked 
| 183|0x000000008b700000, 0x000000008b700000, 0x000000008b800000|  0%| F|  |TAMS 0x000000008b700000| PB 0x000000008b700000| Untracked 
| 184|0x000000008b800000, 0x000000008b800000, 0x000000008b900000|  0%| F|  |TAMS 0x000000008b800000| PB 0x000000008b800000| Untracked 
| 185|0x000000008b900000, 0x000000008b900000, 0x000000008ba00000|  0%| F|  |TAMS 0x000000008b900000| PB 0x000000008b900000| Untracked 
| 186|0x000000008ba00000, 0x000000008ba00000, 0x000000008bb00000|  0%| F|  |TAMS 0x000000008ba00000| PB 0x000000008ba00000| Untracked 
| 187|0x000000008bb00000, 0x000000008bb00000, 0x000000008bc00000|  0%| F|  |TAMS 0x000000008bb00000| PB 0x000000008bb00000| Untracked 
| 188|0x000000008bc00000, 0x000000008bc00000, 0x000000008bd00000|  0%| F|  |TAMS 0x000000008bc00000| PB 0x000000008bc00000| Untracked 
| 189|0x000000008bd00000, 0x000000008bd00000, 0x000000008be00000|  0%| F|  |TAMS 0x000000008bd00000| PB 0x000000008bd00000| Untracked 
| 190|0x000000008be00000, 0x000000008be00000, 0x000000008bf00000|  0%| F|  |TAMS 0x000000008be00000| PB 0x000000008be00000| Untracked 
| 191|0x000000008bf00000, 0x000000008bf00000, 0x000000008c000000|  0%| F|  |TAMS 0x000000008bf00000| PB 0x000000008bf00000| Untracked 
| 192|0x000000008c000000, 0x000000008c000000, 0x000000008c100000|  0%| F|  |TAMS 0x000000008c000000| PB 0x000000008c000000| Untracked 
| 193|0x000000008c100000, 0x000000008c100000, 0x000000008c200000|  0%| F|  |TAMS 0x000000008c100000| PB 0x000000008c100000| Untracked 
| 194|0x000000008c200000, 0x000000008c200000, 0x000000008c300000|  0%| F|  |TAMS 0x000000008c200000| PB 0x000000008c200000| Untracked 
| 195|0x000000008c300000, 0x000000008c300000, 0x000000008c400000|  0%| F|  |TAMS 0x000000008c300000| PB 0x000000008c300000| Untracked 
| 196|0x000000008c400000, 0x000000008c400000, 0x000000008c500000|  0%| F|  |TAMS 0x000000008c400000| PB 0x000000008c400000| Untracked 
| 197|0x000000008c500000, 0x000000008c500000, 0x000000008c600000|  0%| F|  |TAMS 0x000000008c500000| PB 0x000000008c500000| Untracked 
| 198|0x000000008c600000, 0x000000008c600000, 0x000000008c700000|  0%| F|  |TAMS 0x000000008c600000| PB 0x000000008c600000| Untracked 
| 199|0x000000008c700000, 0x000000008c700000, 0x000000008c800000|  0%| F|  |TAMS 0x000000008c700000| PB 0x000000008c700000| Untracked 
| 200|0x000000008c800000, 0x000000008c800000, 0x000000008c900000|  0%| F|  |TAMS 0x000000008c800000| PB 0x000000008c800000| Untracked 
| 201|0x000000008c900000, 0x000000008c900000, 0x000000008ca00000|  0%| F|  |TAMS 0x000000008c900000| PB 0x000000008c900000| Untracked 
| 202|0x000000008ca00000, 0x000000008ca00000, 0x000000008cb00000|  0%| F|  |TAMS 0x000000008ca00000| PB 0x000000008ca00000| Untracked 
| 203|0x000000008cb00000, 0x000000008cb00000, 0x000000008cc00000|  0%| F|  |TAMS 0x000000008cb00000| PB 0x000000008cb00000| Untracked 
| 204|0x000000008cc00000, 0x000000008cc00000, 0x000000008cd00000|  0%| F|  |TAMS 0x000000008cc00000| PB 0x000000008cc00000| Untracked 
| 205|0x000000008cd00000, 0x000000008cd00000, 0x000000008ce00000|  0%| F|  |TAMS 0x000000008cd00000| PB 0x000000008cd00000| Untracked 
| 206|0x000000008ce00000, 0x000000008ce00000, 0x000000008cf00000|  0%| F|  |TAMS 0x000000008ce00000| PB 0x000000008ce00000| Untracked 
| 207|0x000000008cf00000, 0x000000008cf00000, 0x000000008d000000|  0%| F|  |TAMS 0x000000008cf00000| PB 0x000000008cf00000| Untracked 
| 208|0x000000008d000000, 0x000000008d000000, 0x000000008d100000|  0%| F|  |TAMS 0x000000008d000000| PB 0x000000008d000000| Untracked 
| 209|0x000000008d100000, 0x000000008d100000, 0x000000008d200000|  0%| F|  |TAMS 0x000000008d100000| PB 0x000000008d100000| Untracked 
| 210|0x000000008d200000, 0x000000008d200000, 0x000000008d300000|  0%| F|  |TAMS 0x000000008d200000| PB 0x000000008d200000| Untracked 
| 211|0x000000008d300000, 0x000000008d341a68, 0x000000008d400000| 25%| S|CS|TAMS 0x000000008d300000| PB 0x000000008d300000| Complete 
| 212|0x000000008d400000, 0x000000008d500000, 0x000000008d500000|100%| S|CS|TAMS 0x000000008d400000| PB 0x000000008d400000| Complete 
| 213|0x000000008d500000, 0x000000008d600000, 0x000000008d600000|100%| S|CS|TAMS 0x000000008d500000| PB 0x000000008d500000| Complete 
| 214|0x000000008d600000, 0x000000008d700000, 0x000000008d700000|100%| S|CS|TAMS 0x000000008d600000| PB 0x000000008d600000| Complete 
| 215|0x000000008d700000, 0x000000008d800000, 0x000000008d800000|100%| S|CS|TAMS 0x000000008d700000| PB 0x000000008d700000| Complete 
| 216|0x000000008d800000, 0x000000008d900000, 0x000000008d900000|100%| S|CS|TAMS 0x000000008d800000| PB 0x000000008d800000| Complete 
| 217|0x000000008d900000, 0x000000008da00000, 0x000000008da00000|100%| S|CS|TAMS 0x000000008d900000| PB 0x000000008d900000| Complete 
| 218|0x000000008da00000, 0x000000008db00000, 0x000000008db00000|100%| S|CS|TAMS 0x000000008da00000| PB 0x000000008da00000| Complete 
| 219|0x000000008db00000, 0x000000008dc00000, 0x000000008dc00000|100%| S|CS|TAMS 0x000000008db00000| PB 0x000000008db00000| Complete 
| 220|0x000000008dc00000, 0x000000008dd00000, 0x000000008dd00000|100%| S|CS|TAMS 0x000000008dc00000| PB 0x000000008dc00000| Complete 
| 221|0x000000008dd00000, 0x000000008de00000, 0x000000008de00000|100%| S|CS|TAMS 0x000000008dd00000| PB 0x000000008dd00000| Complete 
| 222|0x000000008de00000, 0x000000008df00000, 0x000000008df00000|100%| S|CS|TAMS 0x000000008de00000| PB 0x000000008de00000| Complete 
| 223|0x000000008df00000, 0x000000008e000000, 0x000000008e000000|100%| S|CS|TAMS 0x000000008df00000| PB 0x000000008df00000| Complete 
| 224|0x000000008e000000, 0x000000008e000000, 0x000000008e100000|  0%| F|  |TAMS 0x000000008e000000| PB 0x000000008e000000| Untracked 
| 225|0x000000008e100000, 0x000000008e100000, 0x000000008e200000|  0%| F|  |TAMS 0x000000008e100000| PB 0x000000008e100000| Untracked 
| 226|0x000000008e200000, 0x000000008e200000, 0x000000008e300000|  0%| F|  |TAMS 0x000000008e200000| PB 0x000000008e200000| Untracked 
| 227|0x000000008e300000, 0x000000008e300000, 0x000000008e400000|  0%| F|  |TAMS 0x000000008e300000| PB 0x000000008e300000| Untracked 
| 228|0x000000008e400000, 0x000000008e400000, 0x000000008e500000|  0%| F|  |TAMS 0x000000008e400000| PB 0x000000008e400000| Untracked 
| 229|0x000000008e500000, 0x000000008e500000, 0x000000008e600000|  0%| F|  |TAMS 0x000000008e500000| PB 0x000000008e500000| Untracked 
| 230|0x000000008e600000, 0x000000008e600000, 0x000000008e700000|  0%| F|  |TAMS 0x000000008e600000| PB 0x000000008e600000| Untracked 
| 231|0x000000008e700000, 0x000000008e700000, 0x000000008e800000|  0%| F|  |TAMS 0x000000008e700000| PB 0x000000008e700000| Untracked 
| 232|0x000000008e800000, 0x000000008e800000, 0x000000008e900000|  0%| F|  |TAMS 0x000000008e800000| PB 0x000000008e800000| Untracked 
| 233|0x000000008e900000, 0x000000008e900000, 0x000000008ea00000|  0%| F|  |TAMS 0x000000008e900000| PB 0x000000008e900000| Untracked 
| 234|0x000000008ea00000, 0x000000008ea00000, 0x000000008eb00000|  0%| F|  |TAMS 0x000000008ea00000| PB 0x000000008ea00000| Untracked 
| 235|0x000000008eb00000, 0x000000008eb00000, 0x000000008ec00000|  0%| F|  |TAMS 0x000000008eb00000| PB 0x000000008eb00000| Untracked 
| 236|0x000000008ec00000, 0x000000008ec00000, 0x000000008ed00000|  0%| F|  |TAMS 0x000000008ec00000| PB 0x000000008ec00000| Untracked 
| 237|0x000000008ed00000, 0x000000008ed00000, 0x000000008ee00000|  0%| F|  |TAMS 0x000000008ed00000| PB 0x000000008ed00000| Untracked 
| 238|0x000000008ee00000, 0x000000008ee00000, 0x000000008ef00000|  0%| F|  |TAMS 0x000000008ee00000| PB 0x000000008ee00000| Untracked 
| 239|0x000000008ef00000, 0x000000008ef00000, 0x000000008f000000|  0%| F|  |TAMS 0x000000008ef00000| PB 0x000000008ef00000| Untracked 
| 240|0x000000008f000000, 0x000000008f000000, 0x000000008f100000|  0%| F|  |TAMS 0x000000008f000000| PB 0x000000008f000000| Untracked 
| 241|0x000000008f100000, 0x000000008f100000, 0x000000008f200000|  0%| F|  |TAMS 0x000000008f100000| PB 0x000000008f100000| Untracked 
| 242|0x000000008f200000, 0x000000008f200000, 0x000000008f300000|  0%| F|  |TAMS 0x000000008f200000| PB 0x000000008f200000| Untracked 
| 243|0x000000008f300000, 0x000000008f300000, 0x000000008f400000|  0%| F|  |TAMS 0x000000008f300000| PB 0x000000008f300000| Untracked 
| 244|0x000000008f400000, 0x000000008f400000, 0x000000008f500000|  0%| F|  |TAMS 0x000000008f400000| PB 0x000000008f400000| Untracked 
| 245|0x000000008f500000, 0x000000008f500000, 0x000000008f600000|  0%| F|  |TAMS 0x000000008f500000| PB 0x000000008f500000| Untracked 
| 246|0x000000008f600000, 0x000000008f600000, 0x000000008f700000|  0%| F|  |TAMS 0x000000008f600000| PB 0x000000008f600000| Untracked 
| 247|0x000000008f700000, 0x000000008f700000, 0x000000008f800000|  0%| F|  |TAMS 0x000000008f700000| PB 0x000000008f700000| Untracked 
| 248|0x000000008f800000, 0x000000008f800000, 0x000000008f900000|  0%| F|  |TAMS 0x000000008f800000| PB 0x000000008f800000| Untracked 
| 249|0x000000008f900000, 0x000000008f900000, 0x000000008fa00000|  0%| F|  |TAMS 0x000000008f900000| PB 0x000000008f900000| Untracked 
| 250|0x000000008fa00000, 0x000000008fa00000, 0x000000008fb00000|  0%| F|  |TAMS 0x000000008fa00000| PB 0x000000008fa00000| Untracked 
| 251|0x000000008fb00000, 0x000000008fb00000, 0x000000008fc00000|  0%| F|  |TAMS 0x000000008fb00000| PB 0x000000008fb00000| Untracked 
| 252|0x000000008fc00000, 0x000000008fc00000, 0x000000008fd00000|  0%| F|  |TAMS 0x000000008fc00000| PB 0x000000008fc00000| Untracked 
| 253|0x000000008fd00000, 0x000000008fd00000, 0x000000008fe00000|  0%| F|  |TAMS 0x000000008fd00000| PB 0x000000008fd00000| Untracked 
| 254|0x000000008fe00000, 0x000000008fe00000, 0x000000008ff00000|  0%| F|  |TAMS 0x000000008fe00000| PB 0x000000008fe00000| Untracked 
| 255|0x000000008ff00000, 0x000000008ff00000, 0x0000000090000000|  0%| F|  |TAMS 0x000000008ff00000| PB 0x000000008ff00000| Untracked 
| 256|0x0000000090000000, 0x0000000090000000, 0x0000000090100000|  0%| F|  |TAMS 0x0000000090000000| PB 0x0000000090000000| Untracked 
| 257|0x0000000090100000, 0x0000000090100000, 0x0000000090200000|  0%| F|  |TAMS 0x0000000090100000| PB 0x0000000090100000| Untracked 
| 258|0x0000000090200000, 0x0000000090200000, 0x0000000090300000|  0%| F|  |TAMS 0x0000000090200000| PB 0x0000000090200000| Untracked 
| 259|0x0000000090300000, 0x0000000090300000, 0x0000000090400000|  0%| F|  |TAMS 0x0000000090300000| PB 0x0000000090300000| Untracked 
| 260|0x0000000090400000, 0x0000000090400000, 0x0000000090500000|  0%| F|  |TAMS 0x0000000090400000| PB 0x0000000090400000| Untracked 
| 261|0x0000000090500000, 0x0000000090500000, 0x0000000090600000|  0%| F|  |TAMS 0x0000000090500000| PB 0x0000000090500000| Untracked 
| 262|0x0000000090600000, 0x0000000090600000, 0x0000000090700000|  0%| F|  |TAMS 0x0000000090600000| PB 0x0000000090600000| Untracked 
| 263|0x0000000090700000, 0x0000000090700000, 0x0000000090800000|  0%| F|  |TAMS 0x0000000090700000| PB 0x0000000090700000| Untracked 
| 264|0x0000000090800000, 0x0000000090800000, 0x0000000090900000|  0%| F|  |TAMS 0x0000000090800000| PB 0x0000000090800000| Untracked 
| 265|0x0000000090900000, 0x0000000090900000, 0x0000000090a00000|  0%| F|  |TAMS 0x0000000090900000| PB 0x0000000090900000| Untracked 
| 266|0x0000000090a00000, 0x0000000090a00000, 0x0000000090b00000|  0%| F|  |TAMS 0x0000000090a00000| PB 0x0000000090a00000| Untracked 
| 267|0x0000000090b00000, 0x0000000090b00000, 0x0000000090c00000|  0%| F|  |TAMS 0x0000000090b00000| PB 0x0000000090b00000| Untracked 
| 268|0x0000000090c00000, 0x0000000090c00000, 0x0000000090d00000|  0%| F|  |TAMS 0x0000000090c00000| PB 0x0000000090c00000| Untracked 
| 269|0x0000000090d00000, 0x0000000090d00000, 0x0000000090e00000|  0%| F|  |TAMS 0x0000000090d00000| PB 0x0000000090d00000| Untracked 
| 270|0x0000000090e00000, 0x0000000090e00000, 0x0000000090f00000|  0%| F|  |TAMS 0x0000000090e00000| PB 0x0000000090e00000| Untracked 
| 271|0x0000000090f00000, 0x0000000090f00000, 0x0000000091000000|  0%| F|  |TAMS 0x0000000090f00000| PB 0x0000000090f00000| Untracked 
| 272|0x0000000091000000, 0x0000000091000000, 0x0000000091100000|  0%| F|  |TAMS 0x0000000091000000| PB 0x0000000091000000| Untracked 
| 273|0x0000000091100000, 0x0000000091100000, 0x0000000091200000|  0%| F|  |TAMS 0x0000000091100000| PB 0x0000000091100000| Untracked 
| 274|0x0000000091200000, 0x0000000091200000, 0x0000000091300000|  0%| F|  |TAMS 0x0000000091200000| PB 0x0000000091200000| Untracked 
| 307|0x0000000093300000, 0x0000000093300000, 0x0000000093400000|  0%| F|  |TAMS 0x0000000093300000| PB 0x0000000093300000| Untracked 
| 382|0x0000000097e00000, 0x0000000097e00000, 0x0000000097f00000|  0%| F|  |TAMS 0x0000000097e00000| PB 0x0000000097e00000| Untracked 
| 383|0x0000000097f00000, 0x0000000097f00000, 0x0000000098000000|  0%| F|  |TAMS 0x0000000097f00000| PB 0x0000000097f00000| Untracked 
|2039|0x00000000ff700000, 0x00000000ff75dff8, 0x00000000ff800000| 36%| E|  |TAMS 0x00000000ff700000| PB 0x00000000ff700000| Complete 
|2040|0x00000000ff800000, 0x00000000ff900000, 0x00000000ff900000|100%| O|  |TAMS 0x00000000ff900000| PB 0x00000000ff800000| Untracked 
|2041|0x00000000ff900000, 0x00000000ffa00000, 0x00000000ffa00000|100%| O|  |TAMS 0x00000000ffa00000| PB 0x00000000ff900000| Untracked 
|2042|0x00000000ffa00000, 0x00000000ffb00000, 0x00000000ffb00000|100%| E|CS|TAMS 0x00000000ffa00000| PB 0x00000000ffa00000| Complete 
|2043|0x00000000ffb00000, 0x00000000ffc00000, 0x00000000ffc00000|100%| O|  |TAMS 0x00000000ffc00000| PB 0x00000000ffb00000| Untracked 
|2044|0x00000000ffc00000, 0x00000000ffd00000, 0x00000000ffd00000|100%| O|  |TAMS 0x00000000ffd00000| PB 0x00000000ffc00000| Untracked 
|2045|0x00000000ffd00000, 0x00000000ffe00000, 0x00000000ffe00000|100%| E|CS|TAMS 0x00000000ffd00000| PB 0x00000000ffd00000| Complete 
|2046|0x00000000ffe00000, 0x00000000fff00000, 0x00000000fff00000|100%| E|CS|TAMS 0x00000000ffe00000| PB 0x00000000ffe00000| Complete 
|2047|0x00000000fff00000, 0x0000000100000000, 0x0000000100000000|100%| O|  |TAMS 0x0000000100000000| PB 0x00000000fff00000| Untracked 

Card table byte_map: [0x00000221febe0000,0x00000221fefe0000] _byte_map_base: 0x00000221fe7e0000

Marking Bits: (CMBitMap*) 0x00000221ec4c37f0
 Bits: [0x0000022180000000, 0x0000022182000000)

Polling page: 0x00000221ea260000

Metaspace:

Usage:
  Non-class:    129.21 MB used.
      Class:     20.03 MB used.
       Both:    149.24 MB used.

Virtual space:
  Non-class space:      192.00 MB reserved,     130.38 MB ( 68%) committed,  3 nodes.
      Class space:        1.00 GB reserved,      21.19 MB (  2%) committed,  1 nodes.
             Both:        1.19 GB reserved,     151.56 MB ( 12%) committed. 

Chunk freelists:
   Non-Class:  12.72 MB
       Class:  10.82 MB
        Both:  23.54 MB

MaxMetaspaceSize: unlimited
CompressedClassSpaceSize: 1.00 GB
Initial GC threshold: 21.00 MB
Current GC threshold: 251.19 MB
CDS: off
 - commit_granule_bytes: 65536.
 - commit_granule_words: 8192.
 - virtual_space_node_default_size: 8388608.
 - enlarge_chunks_in_place: 1.
 - use_allocation_guard: 0.


Internal statistics:

num_allocs_failed_limit: 9.
num_arena_births: 4726.
num_arena_deaths: 14.
num_vsnodes_births: 4.
num_vsnodes_deaths: 0.
num_space_committed: 2423.
num_space_uncommitted: 0.
num_chunks_returned_to_freelist: 31.
num_chunks_taken_from_freelist: 11163.
num_chunk_merges: 17.
num_chunk_splits: 7279.
num_chunks_enlarged: 4663.
num_inconsistent_stats: 0.

CodeHeap 'non-profiled nmethods': size=120000Kb used=12054Kb max_used=12054Kb free=107945Kb
 bounds [0x00000221f7090000, 0x00000221f7c90000, 0x00000221fe5c0000]
CodeHeap 'profiled nmethods': size=120000Kb used=29293Kb max_used=32689Kb free=90706Kb
 bounds [0x00000221ef5c0000, 0x00000221f15b0000, 0x00000221f6af0000]
CodeHeap 'non-nmethods': size=5760Kb used=2286Kb max_used=2414Kb free=3473Kb
 bounds [0x00000221f6af0000, 0x00000221f6d60000, 0x00000221f7090000]
 total_blobs=16154 nmethods=15174 adapters=883
 compilation: enabled
              stopped_count=0, restarted_count=0
 full_count=0

Compilation events (20 events):
Event: 4117.036 Thread 0x00000221ffbdcd30 22750       3       org.jetbrains.kotlin.gradle.plugin.statistics.NonSynchronizedMetricsContainer$MetricDescriptor::hashCode (34 bytes)
Event: 4117.037 Thread 0x00000221ffbdcd30 nmethod 22750 0x00000221f0b23310 code [0x00000221f0b234e0, 0x00000221f0b23760]
Event: 4117.037 Thread 0x00000221ffbdcd30 22751       3       org.jetbrains.kotlin.statistics.fileloggers.MetricsContainer$MetricDescriptor::<init> (21 bytes)
Event: 4117.037 Thread 0x00000221ffbdcd30 nmethod 22751 0x00000221f07aae10 code [0x00000221f07ab040, 0x00000221f07ab700]
Event: 4117.039 Thread 0x000002218c0d2a00 nmethod 22748 0x00000221f778b190 code [0x00000221f778b380, 0x00000221f778b838]
Event: 4117.040 Thread 0x000002218c0d2a00 22752       4       sun.nio.fs.NativeBuffer::close (5 bytes)
Event: 4117.042 Thread 0x00000221ffbdcd30 22753       3       com.google.common.collect.ImmutableMap::of (4 bytes)
Event: 4117.042 Thread 0x00000221ffbdcd30 nmethod 22753 0x00000221f0303910 code [0x00000221f0303aa0, 0x00000221f0303b98]
Event: 4117.042 Thread 0x00000221ffbdcd30 22754       1       com.google.common.reflect.Types$ParameterizedTypeImpl::getRawType (5 bytes)
Event: 4117.042 Thread 0x00000221ffbdcd30 nmethod 22754 0x00000221f7486290 code [0x00000221f7486420, 0x00000221f74864e8]
Event: 4117.042 Thread 0x00000221ffbdcd30 22755       1       com.google.common.reflect.Types$ParameterizedTypeImpl::getOwnerType (5 bytes)
Event: 4117.042 Thread 0x00000221ffbdcd30 nmethod 22755 0x00000221f7485f90 code [0x00000221f7486120, 0x00000221f74861e8]
Event: 4117.044 Thread 0x00000221ffbdcd30 22756       3       com.android.buildanalyzer.common.AndroidGradlePluginAttributionData$AttributionDataAdapter$write$5::invoke (12 bytes)
Event: 4117.044 Thread 0x000002218c0d4540 nmethod 22747 0x00000221f74c4d10 code [0x00000221f74c4f20, 0x00000221f74c5700]
Event: 4117.044 Thread 0x00000221ffbdcd30 nmethod 22756 0x00000221f0361010 code [0x00000221f03612a0, 0x00000221f0361db8]
Event: 4117.044 Thread 0x00000221ffbdcd30 22758       3       com.google.gson.stream.JsonWriter::close (95 bytes)
Event: 4117.045 Thread 0x00000221ffbdcd30 nmethod 22758 0x00000221f061ac10 code [0x00000221f061aec0, 0x00000221f061b908]
Event: 4117.045 Thread 0x00000221ffbdcd30 22757       3       com.android.buildanalyzer.common.AndroidGradlePluginAttributionData$AttributionDataAdapter$write$5::invoke (35 bytes)
Event: 4117.046 Thread 0x00000221ffbdcd30 nmethod 22757 0x00000221f08f5990 code [0x00000221f08f5c00, 0x00000221f08f65b0]
Event: 4117.046 Thread 0x000002218c0d2a00 nmethod 22752 0x00000221f762d090 code [0x00000221f762d280, 0x00000221f762d738]

GC Heap History (20 events):
Event: 57.093 GC heap before
{Heap before GC invocations=39 (full 0):
 garbage-first heap   total 226304K, used 202142K [0x0000000080000000, 0x0000000100000000)
  region size 1024K, 75 young (76800K), 10 survivors (10240K)
 Metaspace       used 138054K, committed 140416K, reserved 1179648K
  class space    used 18528K, committed 19712K, reserved 1048576K
}
Event: 57.121 GC heap after
{Heap after GC invocations=40 (full 0):
 garbage-first heap   total 226304K, used 141524K [0x0000000080000000, 0x0000000100000000)
  region size 1024K, 5 young (5120K), 5 survivors (5120K)
 Metaspace       used 138054K, committed 140416K, reserved 1179648K
  class space    used 18528K, committed 19712K, reserved 1048576K
}
Event: 59.091 GC heap before
{Heap before GC invocations=41 (full 0):
 garbage-first heap   total 249856K, used 206036K [0x0000000080000000, 0x0000000100000000)
  region size 1024K, 69 young (70656K), 5 survivors (5120K)
 Metaspace       used 147029K, committed 149376K, reserved 1179648K
  class space    used 19946K, committed 21120K, reserved 1048576K
}
Event: 59.113 GC heap after
{Heap after GC invocations=42 (full 0):
 garbage-first heap   total 249856K, used 142126K [0x0000000080000000, 0x0000000100000000)
  region size 1024K, 5 young (5120K), 5 survivors (5120K)
 Metaspace       used 147029K, committed 149376K, reserved 1179648K
  class space    used 19946K, committed 21120K, reserved 1048576K
}
Event: 194.062 GC heap before
{Heap before GC invocations=42 (full 0):
 garbage-first heap   total 249856K, used 246574K [0x0000000080000000, 0x0000000100000000)
  region size 1024K, 92 young (94208K), 5 survivors (5120K)
 Metaspace       used 150663K, committed 153024K, reserved 1245184K
  class space    used 20495K, committed 21696K, reserved 1048576K
}
Event: 194.083 GC heap after
{Heap after GC invocations=43 (full 0):
 garbage-first heap   total 262144K, used 146324K [0x0000000080000000, 0x0000000100000000)
  region size 1024K, 11 young (11264K), 11 survivors (11264K)
 Metaspace       used 150663K, committed 153024K, reserved 1245184K
  class space    used 20495K, committed 21696K, reserved 1048576K
}
Event: 360.168 GC heap before
{Heap before GC invocations=43 (full 0):
 garbage-first heap   total 262144K, used 235412K [0x0000000080000000, 0x0000000100000000)
  region size 1024K, 99 young (101376K), 11 survivors (11264K)
 Metaspace       used 151129K, committed 153472K, reserved 1245184K
  class space    used 20500K, committed 21696K, reserved 1048576K
}
Event: 360.198 GC heap after
{Heap after GC invocations=44 (full 0):
 garbage-first heap   total 262144K, used 144209K [0x0000000080000000, 0x0000000100000000)
  region size 1024K, 5 young (5120K), 5 survivors (5120K)
 Metaspace       used 151129K, committed 153472K, reserved 1245184K
  class space    used 20500K, committed 21696K, reserved 1048576K
}
Event: 361.641 GC heap before
{Heap before GC invocations=45 (full 0):
 garbage-first heap   total 273408K, used 241489K [0x0000000080000000, 0x0000000100000000)
  region size 1024K, 100 young (102400K), 5 survivors (5120K)
 Metaspace       used 151437K, committed 153792K, reserved 1245184K
  class space    used 20508K, committed 21696K, reserved 1048576K
}
Event: 361.663 GC heap after
{Heap after GC invocations=46 (full 0):
 garbage-first heap   total 273408K, used 154533K [0x0000000080000000, 0x0000000100000000)
  region size 1024K, 13 young (13312K), 13 survivors (13312K)
 Metaspace       used 151437K, committed 153792K, reserved 1245184K
  class space    used 20508K, committed 21696K, reserved 1048576K
}
Event: 388.082 GC heap before
{Heap before GC invocations=46 (full 0):
 garbage-first heap   total 273408K, used 244645K [0x0000000080000000, 0x0000000100000000)
  region size 1024K, 102 young (104448K), 13 survivors (13312K)
 Metaspace       used 151684K, committed 154048K, reserved 1245184K
  class space    used 20513K, committed 21696K, reserved 1048576K
}
Event: 388.130 GC heap after
{Heap after GC invocations=47 (full 0):
 garbage-first heap   total 277504K, used 157868K [0x0000000080000000, 0x0000000100000000)
  region size 1024K, 11 young (11264K), 11 survivors (11264K)
 Metaspace       used 151684K, committed 154048K, reserved 1245184K
  class space    used 20513K, committed 21696K, reserved 1048576K
}
Event: 493.293 GC heap before
{Heap before GC invocations=47 (full 0):
 garbage-first heap   total 277504K, used 250028K [0x0000000080000000, 0x0000000100000000)
  region size 1024K, 101 young (103424K), 11 survivors (11264K)
 Metaspace       used 151920K, committed 154240K, reserved 1245184K
  class space    used 20516K, committed 21696K, reserved 1048576K
}
Event: 493.315 GC heap after
{Heap after GC invocations=48 (full 0):
 garbage-first heap   total 277504K, used 166634K [0x0000000080000000, 0x0000000100000000)
  region size 1024K, 9 young (9216K), 9 survivors (9216K)
 Metaspace       used 151920K, committed 154240K, reserved 1245184K
  class space    used 20516K, committed 21696K, reserved 1048576K
}
Event: 3248.428 GC heap before
{Heap before GC invocations=49 (full 0):
 garbage-first heap   total 293888K, used 248554K [0x0000000080000000, 0x0000000100000000)
  region size 1024K, 93 young (95232K), 9 survivors (9216K)
 Metaspace       used 152110K, committed 154432K, reserved 1245184K
  class space    used 20512K, committed 21696K, reserved 1048576K
}
Event: 3248.446 GC heap after
{Heap after GC invocations=50 (full 0):
 garbage-first heap   total 293888K, used 169046K [0x0000000080000000, 0x0000000100000000)
  region size 1024K, 6 young (6144K), 6 survivors (6144K)
 Metaspace       used 152110K, committed 154432K, reserved 1245184K
  class space    used 20512K, committed 21696K, reserved 1048576K
}
Event: 4114.256 GC heap before
{Heap before GC invocations=50 (full 0):
 garbage-first heap   total 293888K, used 267350K [0x0000000080000000, 0x0000000100000000)
  region size 1024K, 103 young (105472K), 6 survivors (6144K)
 Metaspace       used 152410K, committed 154816K, reserved 1245184K
  class space    used 20513K, committed 21696K, reserved 1048576K
}
Event: 4114.269 GC heap after
{Heap after GC invocations=51 (full 0):
 garbage-first heap   total 293888K, used 168927K [0x0000000080000000, 0x0000000100000000)
  region size 1024K, 13 young (13312K), 13 survivors (13312K)
 Metaspace       used 152410K, committed 154816K, reserved 1245184K
  class space    used 20513K, committed 21696K, reserved 1048576K
}
Event: 4116.940 GC heap before
{Heap before GC invocations=51 (full 0):
 garbage-first heap   total 293888K, used 227295K [0x0000000080000000, 0x0000000100000000)
  region size 1024K, 71 young (72704K), 13 survivors (13312K)
 Metaspace       used 152810K, committed 155200K, reserved 1245184K
  class space    used 20513K, committed 21696K, reserved 1048576K
}
Event: 4116.952 GC heap after
{Heap after GC invocations=52 (full 0):
 garbage-first heap   total 293888K, used 173921K [0x0000000080000000, 0x0000000100000000)
  region size 1024K, 13 young (13312K), 13 survivors (13312K)
 Metaspace       used 152810K, committed 155200K, reserved 1245184K
  class space    used 20513K, committed 21696K, reserved 1048576K
}

Dll operation events (3 events):
Event: 0.022 Loaded shared library C:\Program Files\Android\Android Studio\jbr\bin\java.dll
Event: 0.028 Loaded shared library C:\Program Files\Android\Android Studio\jbr\bin\zip.dll
Event: 0.501 Loaded shared library C:\Program Files\Android\Android Studio\jbr\bin\verify.dll

Deoptimization events (20 events):
Event: 4116.875 Thread 0x00000221894f3230 DEOPT PACKING pc=0x00000221f72af470 sp=0x0000009c4b5fcdc0
Event: 4116.875 Thread 0x00000221894f3230 DEOPT UNPACKING pc=0x00000221f6b446a2 sp=0x0000009c4b5fccd8 mode 2
Event: 4116.991 Thread 0x000002219545e490 Uncommon trap: trap_request=0xffffffbe fr.pc=0x00000221f79d1d54 relative=0x0000000000000c74
Event: 4116.991 Thread 0x000002219545e490 Uncommon trap: reason=profile_predicate action=maybe_recompile pc=0x00000221f79d1d54 method=java.math.MutableBigInteger.add(Ljava/math/MutableBigInteger;)V @ 68 c2
Event: 4116.992 Thread 0x000002219545e490 DEOPT PACKING pc=0x00000221f79d1d54 sp=0x0000009c4aafcd30
Event: 4116.992 Thread 0x000002219545e490 DEOPT UNPACKING pc=0x00000221f6b446a2 sp=0x0000009c4aafccd0 mode 2
Event: 4116.992 Thread 0x000002219545e490 Uncommon trap: trap_request=0xffffffbe fr.pc=0x00000221f79d1d54 relative=0x0000000000000c74
Event: 4116.992 Thread 0x000002219545e490 Uncommon trap: reason=profile_predicate action=maybe_recompile pc=0x00000221f79d1d54 method=java.math.MutableBigInteger.add(Ljava/math/MutableBigInteger;)V @ 68 c2
Event: 4116.992 Thread 0x000002219545e490 DEOPT PACKING pc=0x00000221f79d1d54 sp=0x0000009c4aafcd30
Event: 4116.992 Thread 0x000002219545e490 DEOPT UNPACKING pc=0x00000221f6b446a2 sp=0x0000009c4aafccd0 mode 2
Event: 4116.992 Thread 0x000002219545e490 Uncommon trap: trap_request=0xffffffbe fr.pc=0x00000221f79d1d54 relative=0x0000000000000c74
Event: 4116.992 Thread 0x000002219545e490 Uncommon trap: reason=profile_predicate action=maybe_recompile pc=0x00000221f79d1d54 method=java.math.MutableBigInteger.add(Ljava/math/MutableBigInteger;)V @ 68 c2
Event: 4116.992 Thread 0x000002219545e490 DEOPT PACKING pc=0x00000221f79d1d54 sp=0x0000009c4aafcce0
Event: 4116.992 Thread 0x000002219545e490 DEOPT UNPACKING pc=0x00000221f6b446a2 sp=0x0000009c4aafcc70 mode 2
Event: 4116.992 Thread 0x000002219545e490 Uncommon trap: trap_request=0xffffffbe fr.pc=0x00000221f79d1d54 relative=0x0000000000000c74
Event: 4116.992 Thread 0x000002219545e490 Uncommon trap: reason=profile_predicate action=maybe_recompile pc=0x00000221f79d1d54 method=java.math.MutableBigInteger.add(Ljava/math/MutableBigInteger;)V @ 68 c2
Event: 4116.992 Thread 0x000002219545e490 DEOPT PACKING pc=0x00000221f79d1d54 sp=0x0000009c4aafcce0
Event: 4116.992 Thread 0x000002219545e490 DEOPT UNPACKING pc=0x00000221f6b446a2 sp=0x0000009c4aafcc70 mode 2
Event: 4117.001 Thread 0x000002219545e490 DEOPT PACKING pc=0x00000221f04d8968 sp=0x0000009c4aafcca0
Event: 4117.001 Thread 0x000002219545e490 DEOPT UNPACKING pc=0x00000221f6b44e42 sp=0x0000009c4aafc130 mode 0

Classes loaded (20 events):
Event: 59.971 Loading class java/util/concurrent/ForkJoinTask$AdaptedInterruptibleRunnable
Event: 59.971 Loading class java/util/concurrent/ForkJoinTask$AdaptedInterruptibleRunnable done
Event: 59.971 Loading class java/util/concurrent/CountedCompleter
Event: 59.972 Loading class java/util/concurrent/CountedCompleter done
Event: 60.054 Loading class sun/security/rsa/RSACore$BlindingParameters
Event: 60.054 Loading class sun/security/rsa/RSACore$BlindingParameters done
Event: 60.056 Loading class sun/security/rsa/RSACore$BlindingRandomPair
Event: 60.056 Loading class sun/security/rsa/RSACore$BlindingRandomPair done
Event: 72.226 Loading class java/lang/StackStreamFactory
Event: 72.227 Loading class java/lang/StackStreamFactory done
Event: 72.227 Loading class java/lang/StackWalker$ExtendedOption
Event: 72.227 Loading class java/lang/StackWalker$ExtendedOption done
Event: 72.227 Loading class java/lang/StackStreamFactory$StackFrameTraverser
Event: 72.228 Loading class java/lang/StackStreamFactory$StackFrameTraverser done
Event: 72.228 Loading class java/lang/StackStreamFactory$WalkerState
Event: 72.228 Loading class java/lang/StackStreamFactory$WalkerState done
Event: 72.229 Loading class java/lang/StackStreamFactory$StackFrameTraverser$StackFrameBuffer
Event: 72.229 Loading class java/lang/StackStreamFactory$FrameBuffer
Event: 72.229 Loading class java/lang/StackStreamFactory$FrameBuffer done
Event: 72.229 Loading class java/lang/StackStreamFactory$StackFrameTraverser$StackFrameBuffer done

Classes unloaded (20 events):
Event: 4117.054 Thread 0x00000221ffb101d0 Unloading class 0x00000001001a1400 'java/lang/invoke/LambdaForm$BMH+0x00000001001a1400'
Event: 4117.054 Thread 0x00000221ffb101d0 Unloading class 0x00000001001a0c00 'java/lang/invoke/LambdaForm$MH+0x00000001001a0c00'
Event: 4117.054 Thread 0x00000221ffb101d0 Unloading class 0x00000001001a0400 'java/lang/invoke/LambdaForm$MH+0x00000001001a0400'
Event: 4117.054 Thread 0x00000221ffb101d0 Unloading class 0x0000000100138400 'java/lang/invoke/LambdaForm$MH+0x0000000100138400'
Event: 4117.054 Thread 0x00000221ffb101d0 Unloading class 0x0000000100138000 'java/lang/invoke/LambdaForm$MH+0x0000000100138000'
Event: 4117.054 Thread 0x00000221ffb101d0 Unloading class 0x0000000100134c00 'java/lang/invoke/LambdaForm$MH+0x0000000100134c00'
Event: 4117.054 Thread 0x00000221ffb101d0 Unloading class 0x0000000100125400 'java/lang/invoke/LambdaForm$MH+0x0000000100125400'
Event: 4117.054 Thread 0x00000221ffb101d0 Unloading class 0x0000000100125000 'java/lang/invoke/LambdaForm$MH+0x0000000100125000'
Event: 4117.054 Thread 0x00000221ffb101d0 Unloading class 0x0000000100124800 'java/lang/invoke/LambdaForm$MH+0x0000000100124800'
Event: 4117.054 Thread 0x00000221ffb101d0 Unloading class 0x0000000100124400 'java/lang/invoke/LambdaForm$MH+0x0000000100124400'
Event: 4117.054 Thread 0x00000221ffb101d0 Unloading class 0x000000010011c000 'java/lang/invoke/LambdaForm$MH+0x000000010011c000'
Event: 4117.054 Thread 0x00000221ffb101d0 Unloading class 0x0000000100100400 'java/lang/invoke/LambdaForm$DMH+0x0000000100100400'
Event: 4117.054 Thread 0x00000221ffb101d0 Unloading class 0x00000001000ee400 'java/lang/invoke/LambdaForm$MH+0x00000001000ee400'
Event: 4117.054 Thread 0x00000221ffb101d0 Unloading class 0x00000001000ee000 'java/lang/invoke/LambdaForm$MH+0x00000001000ee000'
Event: 4117.054 Thread 0x00000221ffb101d0 Unloading class 0x00000001000ec400 'java/lang/invoke/LambdaForm$MH+0x00000001000ec400'
Event: 4117.054 Thread 0x00000221ffb101d0 Unloading class 0x00000001000dc400 'java/lang/invoke/LambdaForm$MH+0x00000001000dc400'
Event: 4117.054 Thread 0x00000221ffb101d0 Unloading class 0x00000001000c1c00 'java/lang/invoke/LambdaForm$MH+0x00000001000c1c00'
Event: 4117.054 Thread 0x00000221ffb101d0 Unloading class 0x00000001000c1800 'java/lang/invoke/LambdaForm$MH+0x00000001000c1800'
Event: 4117.054 Thread 0x00000221ffb101d0 Unloading class 0x00000001000c1400 'java/lang/invoke/LambdaForm$MH+0x00000001000c1400'
Event: 4117.054 Thread 0x00000221ffb101d0 Unloading class 0x00000001000c0c00 'java/lang/invoke/LambdaForm$MH+0x00000001000c0c00'

Classes redefined (0 events):
No events

Internal exceptions (20 events):
Event: 4113.747 Thread 0x000002218d086930 Exception <a 'sun/nio/fs/WindowsException'{0x000000008e7d9348}> (0x000000008e7d9348) 
thrown [s\src\hotspot\share\prims\jni.cpp, line 535]
Event: 4113.748 Thread 0x000002218d086930 Exception <a 'sun/nio/fs/WindowsException'{0x000000008e7dcc38}> (0x000000008e7dcc38) 
thrown [s\src\hotspot\share\prims\jni.cpp, line 535]
Event: 4114.210 Thread 0x000002218d086930 Exception <a 'sun/nio/fs/WindowsException'{0x000000008b6d76b8}> (0x000000008b6d76b8) 
thrown [s\src\hotspot\share\prims\jni.cpp, line 535]
Event: 4114.210 Thread 0x000002218d086930 Exception <a 'sun/nio/fs/WindowsException'{0x000000008b6d8d08}> (0x000000008b6d8d08) 
thrown [s\src\hotspot\share\prims\jni.cpp, line 535]
Event: 4114.210 Thread 0x000002218d086930 Exception <a 'sun/nio/fs/WindowsException'{0x000000008b6da3a8}> (0x000000008b6da3a8) 
thrown [s\src\hotspot\share\prims\jni.cpp, line 535]
Event: 4114.210 Thread 0x000002218d086930 Exception <a 'sun/nio/fs/WindowsException'{0x000000008b6dba48}> (0x000000008b6dba48) 
thrown [s\src\hotspot\share\prims\jni.cpp, line 535]
Event: 4114.253 Thread 0x000002218d086930 Exception <a 'sun/nio/fs/WindowsException'{0x000000008b2aa7a8}> (0x000000008b2aa7a8) 
thrown [s\src\hotspot\share\prims\jni.cpp, line 535]
Event: 4114.284 Thread 0x000002218b79ca30 Exception <a 'sun/nio/fs/WindowsException'{0x00000000ffdcd4d0}> (0x00000000ffdcd4d0) 
thrown [s\src\hotspot\share\prims\jni.cpp, line 535]
Event: 4114.591 Thread 0x000002218b79ca30 Exception <a 'sun/nio/fs/WindowsException'{0x000000008fb05408}> (0x000000008fb05408) 
thrown [s\src\hotspot\share\prims\jni.cpp, line 535]
Event: 4114.643 Thread 0x000002218cd84240 Exception <a 'sun/nio/fs/WindowsException'{0x000000008f4ddd28}> (0x000000008f4ddd28) 
thrown [s\src\hotspot\share\prims\jni.cpp, line 535]
Event: 4114.644 Thread 0x000002218cd84240 Exception <a 'sun/nio/fs/WindowsException'{0x000000008f4dfba8}> (0x000000008f4dfba8) 
thrown [s\src\hotspot\share\prims\jni.cpp, line 535]
Event: 4114.649 Thread 0x000002218cd84240 Exception <a 'sun/nio/fs/WindowsException'{0x000000008f3ac8f8}> (0x000000008f3ac8f8) 
thrown [s\src\hotspot\share\prims\jni.cpp, line 535]
Event: 4116.673 Thread 0x000002218b79c3a0 Exception <a 'sun/nio/fs/WindowsException'{0x000000008f184a68}> (0x000000008f184a68) 
thrown [s\src\hotspot\share\prims\jni.cpp, line 535]
Event: 4116.673 Thread 0x000002218b79c3a0 Exception <a 'sun/nio/fs/WindowsException'{0x000000008f1865a8}> (0x000000008f1865a8) 
thrown [s\src\hotspot\share\prims\jni.cpp, line 535]
Event: 4116.673 Thread 0x000002218b79c3a0 Exception <a 'sun/nio/fs/WindowsException'{0x000000008f187fc0}> (0x000000008f187fc0) 
thrown [s\src\hotspot\share\prims\jni.cpp, line 535]
Event: 4116.841 Thread 0x00000221894f2510 Exception <a 'sun/nio/fs/WindowsException'{0x000000008e5a3300}> (0x000000008e5a3300) 
thrown [s\src\hotspot\share\prims\jni.cpp, line 535]
Event: 4116.855 Thread 0x00000221894eea00 Exception <a 'sun/nio/fs/WindowsException'{0x000000008e4345e8}> (0x000000008e4345e8) 
thrown [s\src\hotspot\share\prims\jni.cpp, line 535]
Event: 4116.876 Thread 0x00000221894f3230 Exception <a 'sun/nio/fs/WindowsException'{0x000000008e3a6358}> (0x000000008e3a6358) 
thrown [s\src\hotspot\share\prims\jni.cpp, line 535]
Event: 4117.040 Thread 0x000002218d086930 Exception <a 'sun/nio/fs/WindowsException'{0x00000000ffa0b8f0}> (0x00000000ffa0b8f0) 
thrown [s\src\hotspot\share\prims\jni.cpp, line 535]
Event: 4117.046 Thread 0x000002218defff80 Exception <a 'sun/nio/fs/WindowsException'{0x00000000ffa69810}> (0x00000000ffa69810) 
thrown [s\src\hotspot\share\prims\jni.cpp, line 535]

ZGC Phase Switch (0 events):
No events

VM Operations (20 events):
Event: 4109.703 Executing VM operation: Cleanup done
Event: 4111.703 Executing VM operation: Cleanup
Event: 4111.703 Executing VM operation: Cleanup done
Event: 4112.704 Executing VM operation: Cleanup
Event: 4112.704 Executing VM operation: Cleanup done
Event: 4113.705 Executing VM operation: Cleanup
Event: 4113.705 Executing VM operation: Cleanup done
Event: 4114.191 Executing VM operation: ICBufferFull
Event: 4114.191 Executing VM operation: ICBufferFull done
Event: 4114.256 Executing VM operation: G1CollectForAllocation (G1 Evacuation Pause)
Event: 4114.269 Executing VM operation: G1CollectForAllocation (G1 Evacuation Pause) done
Event: 4114.585 Executing VM operation: ICBufferFull
Event: 4114.585 Executing VM operation: ICBufferFull done
Event: 4116.585 Executing VM operation: Cleanup
Event: 4116.585 Executing VM operation: Cleanup done
Event: 4116.796 Executing VM operation: ICBufferFull
Event: 4116.797 Executing VM operation: ICBufferFull done
Event: 4116.940 Executing VM operation: G1TryInitiateConcMark (G1 Humongous Allocation)
Event: 4116.952 Executing VM operation: G1TryInitiateConcMark (G1 Humongous Allocation) done
Event: 4117.049 Executing VM operation: G1PauseRemark

Events (20 events):
Event: 4116.696 Thread 0x00000221894efdb0 Thread added: 0x00000221894efdb0
Event: 4116.696 Thread 0x00000221894f2510 Thread added: 0x00000221894f2510
Event: 4116.697 Thread 0x00000221894ef090 Thread added: 0x00000221894ef090
Event: 4116.698 Thread 0x00000221894f17f0 Thread added: 0x00000221894f17f0
Event: 4116.699 Thread 0x00000221894f3230 Thread added: 0x00000221894f3230
Event: 4116.700 Thread 0x00000221894eea00 Thread added: 0x00000221894eea00
Event: 4116.700 Thread 0x00000221894ef720 Thread added: 0x00000221894ef720
Event: 4116.703 Thread 0x000002218c0d2a00 Thread added: 0x000002218c0d2a00
Event: 4116.937 Thread 0x00000221894f0ad0 Thread added: 0x00000221894f0ad0
Event: 4116.939 Thread 0x00000221894f2ba0 Thread added: 0x00000221894f2ba0
Event: 4116.952 Thread 0x00000221894ec2a0 Thread added: 0x00000221894ec2a0
Event: 4116.953 Thread 0x00000221894f1160 Thread added: 0x00000221894f1160
Event: 4116.953 Thread 0x00000221894ec930 Thread added: 0x00000221894ec930
Event: 4116.953 Thread 0x00000221894f1e80 Thread added: 0x00000221894f1e80
Event: 4116.953 Thread 0x000002218defaa30 Thread added: 0x000002218defaa30
Event: 4116.954 Thread 0x000002219545f1b0 Thread exited: 0x000002219545f1b0
Event: 4117.035 Thread 0x000002218b798200 Thread exited: 0x000002218b798200
Event: 4117.036 Thread 0x000002218b79bd10 Thread exited: 0x000002218b79bd10
Event: 4117.036 Thread 0x000002218b798f20 Thread exited: 0x000002218b798f20
Event: 4117.045 Thread 0x000002218defff80 Thread added: 0x000002218defff80


Dynamic libraries:
0x00007ff7bbd60000 - 0x00007ff7bbd6a000 	C:\Program Files\Android\Android Studio\jbr\bin\java.exe
0x00007ffe08e50000 - 0x00007ffe09048000 	C:\Windows\SYSTEM32\ntdll.dll
0x00007ffe07c30000 - 0x00007ffe07cf2000 	C:\Windows\System32\KERNEL32.DLL
0x00007ffe06920000 - 0x00007ffe06c1f000 	C:\Windows\System32\KERNELBASE.dll
0x00007ffe06820000 - 0x00007ffe06920000 	C:\Windows\System32\ucrtbase.dll
0x00007ffde31e0000 - 0x00007ffde31f8000 	C:\Program Files\Android\Android Studio\jbr\bin\jli.dll
0x00007ffde3640000 - 0x00007ffde365b000 	C:\Program Files\Android\Android Studio\jbr\bin\VCRUNTIME140.dll
0x00007ffe07ee0000 - 0x00007ffe0807d000 	C:\Windows\System32\USER32.dll
0x00007ffdf2440000 - 0x00007ffdf26da000 	C:\Windows\WinSxS\amd64_microsoft.windows.common-controls_6595b64144ccf1df_6.0.19041.4355_none_60b8b9eb71f62e16\COMCTL32.dll
0x00007ffe067f0000 - 0x00007ffe06812000 	C:\Windows\System32\win32u.dll
0x00007ffe06e70000 - 0x00007ffe06f0e000 	C:\Windows\System32\msvcrt.dll
0x00007ffe08130000 - 0x00007ffe0815b000 	C:\Windows\System32\GDI32.dll
0x00007ffe06540000 - 0x00007ffe0665a000 	C:\Windows\System32\gdi32full.dll
0x00007ffe06dd0000 - 0x00007ffe06e6d000 	C:\Windows\System32\msvcp_win.dll
0x00007ffe08580000 - 0x00007ffe085af000 	C:\Windows\System32\IMM32.DLL
0x00007ffde2ea0000 - 0x00007ffde2eac000 	C:\Program Files\Android\Android Studio\jbr\bin\vcruntime140_1.dll
0x00007ffdd2a70000 - 0x00007ffdd2afd000 	C:\Program Files\Android\Android Studio\jbr\bin\msvcp140.dll
0x00007ffd7da90000 - 0x00007ffd7e70d000 	C:\Program Files\Android\Android Studio\jbr\bin\server\jvm.dll
0x00007ffe07b00000 - 0x00007ffe07baf000 	C:\Windows\System32\ADVAPI32.dll
0x00007ffe07e30000 - 0x00007ffe07ecf000 	C:\Windows\System32\sechost.dll
0x00007ffe08260000 - 0x00007ffe08383000 	C:\Windows\System32\RPCRT4.dll
0x00007ffe06660000 - 0x00007ffe06687000 	C:\Windows\System32\bcrypt.dll
0x00007ffe08750000 - 0x00007ffe087bb000 	C:\Windows\System32\WS2_32.dll
0x00007ffe05a20000 - 0x00007ffe05a6b000 	C:\Windows\SYSTEM32\POWRPROF.dll
0x00007ffddd410000 - 0x00007ffddd437000 	C:\Windows\SYSTEM32\WINMM.dll
0x00007ffe00980000 - 0x00007ffe0098a000 	C:\Windows\SYSTEM32\VERSION.dll
0x00007ffe058f0000 - 0x00007ffe05902000 	C:\Windows\SYSTEM32\UMPDC.dll
0x00007ffe04d60000 - 0x00007ffe04d72000 	C:\Windows\SYSTEM32\kernel.appcore.dll
0x00007ffde15d0000 - 0x00007ffde15da000 	C:\Program Files\Android\Android Studio\jbr\bin\jimage.dll
0x00007ffe04260000 - 0x00007ffe04444000 	C:\Windows\SYSTEM32\DBGHELP.DLL
0x00007ffde7ce0000 - 0x00007ffde7d14000 	C:\Windows\SYSTEM32\dbgcore.DLL
0x00007ffe06d40000 - 0x00007ffe06dc2000 	C:\Windows\System32\bcryptPrimitives.dll
0x00007ffdf7620000 - 0x00007ffdf762e000 	C:\Program Files\Android\Android Studio\jbr\bin\instrument.dll
0x00007ffde15b0000 - 0x00007ffde15cf000 	C:\Program Files\Android\Android Studio\jbr\bin\java.dll
0x00007ffdd3490000 - 0x00007ffdd34a8000 	C:\Program Files\Android\Android Studio\jbr\bin\zip.dll
0x00007ffe06f10000 - 0x00007ffe0767d000 	C:\Windows\System32\SHELL32.dll
0x00007ffe04550000 - 0x00007ffe04cf4000 	C:\Windows\SYSTEM32\windows.storage.dll
0x00007ffe07740000 - 0x00007ffe07a95000 	C:\Windows\System32\combase.dll
0x00007ffe05f20000 - 0x00007ffe05f4b000 	C:\Windows\SYSTEM32\Wldp.dll
0x00007ffe084b0000 - 0x00007ffe0857d000 	C:\Windows\System32\OLEAUT32.dll
0x00007ffe07680000 - 0x00007ffe0772d000 	C:\Windows\System32\SHCORE.dll
0x00007ffe086f0000 - 0x00007ffe08745000 	C:\Windows\System32\shlwapi.dll
0x00007ffe06420000 - 0x00007ffe06445000 	C:\Windows\SYSTEM32\profapi.dll
0x00007ffddbe50000 - 0x00007ffddbe60000 	C:\Program Files\Android\Android Studio\jbr\bin\net.dll
0x00007ffdfcbe0000 - 0x00007ffdfccea000 	C:\Windows\SYSTEM32\WINHTTP.dll
0x00007ffe05c80000 - 0x00007ffe05cec000 	C:\Windows\system32\mswsock.dll
0x00007ffdd2660000 - 0x00007ffdd2676000 	C:\Program Files\Android\Android Studio\jbr\bin\nio.dll
0x00007ffdd71a0000 - 0x00007ffdd71b0000 	C:\Program Files\Android\Android Studio\jbr\bin\verify.dll
0x00007ffdd2190000 - 0x00007ffdd21b7000 	C:\Users\sande\.gradle\native\c067742578af261105cb4f569cf0c3c89f3d7b1fecec35dd04571415982c5e48\windows-amd64\native-platform.dll
0x00007ffdd1c50000 - 0x00007ffdd1d94000 	C:\Users\sande\.gradle\native\100fb08df4bc3b14c8652ba06237920a3bd2aa13389f12d3474272988ae205f9\windows-amd64\native-platform-file-events.dll
0x00007ffdd32c0000 - 0x00007ffdd32c9000 	C:\Program Files\Android\Android Studio\jbr\bin\management.dll
0x00007ffdd3220000 - 0x00007ffdd322b000 	C:\Program Files\Android\Android Studio\jbr\bin\management_ext.dll
0x00007ffe08160000 - 0x00007ffe08168000 	C:\Windows\System32\PSAPI.DLL
0x00007ffe05e80000 - 0x00007ffe05e98000 	C:\Windows\SYSTEM32\CRYPTSP.dll
0x00007ffe05530000 - 0x00007ffe05568000 	C:\Windows\system32\rsaenh.dll
0x00007ffe063e0000 - 0x00007ffe0640e000 	C:\Windows\SYSTEM32\USERENV.dll
0x00007ffe05e70000 - 0x00007ffe05e7c000 	C:\Windows\SYSTEM32\CRYPTBASE.dll
0x00007ffe05910000 - 0x00007ffe0594b000 	C:\Windows\SYSTEM32\IPHLPAPI.DLL
0x00007ffe07730000 - 0x00007ffe07738000 	C:\Windows\System32\NSI.dll
0x00007ffdd4cc0000 - 0x00007ffdd4cc9000 	C:\Program Files\Android\Android Studio\jbr\bin\extnet.dll
0x00007ffe00970000 - 0x00007ffe00977000 	C:\Windows\system32\wshunix.dll
0x00007ffe05950000 - 0x00007ffe05a1a000 	C:\Windows\SYSTEM32\DNSAPI.dll
0x00007ffdfc1e0000 - 0x00007ffdfc1ea000 	C:\Windows\System32\rasadhlp.dll
0x00007ffdfc1f0000 - 0x00007ffdfc270000 	C:\Windows\System32\fwpuclnt.dll
0x00007ffdaa700000 - 0x00007ffdaa717000 	C:\Windows\system32\napinsp.dll
0x00007ffdaa6e0000 - 0x00007ffdaa6fb000 	C:\Windows\system32\pnrpnsp.dll
0x00007ffe016c0000 - 0x00007ffe016d5000 	C:\Windows\system32\wshbth.dll
0x00007ffe02ce0000 - 0x00007ffe02cfd000 	C:\Windows\system32\NLAapi.dll
0x00007ffdaa6c0000 - 0x00007ffdaa6d2000 	C:\Windows\System32\winrnr.dll
0x00007ffde2a50000 - 0x00007ffde2a6e000 	C:\Users\sande\AppData\Local\Temp\native-platform15436771404969686955dir\native-platform.dll
0x00007ffdf1e00000 - 0x00007ffdf1e07000 	C:\Program Files\Android\Android Studio\jbr\bin\rmi.dll

dbghelp: loaded successfully - version: 4.0.5 - missing functions: none
symbol engine: initialized successfully - sym options: 0x614 - pdb path: .;C:\Program Files\Android\Android Studio\jbr\bin;C:\Windows\SYSTEM32;C:\Windows\WinSxS\amd64_microsoft.windows.common-controls_6595b64144ccf1df_6.0.19041.4355_none_60b8b9eb71f62e16;C:\Program Files\Android\Android Studio\jbr\bin\server;C:\Users\sande\.gradle\native\c067742578af261105cb4f569cf0c3c89f3d7b1fecec35dd04571415982c5e48\windows-amd64;C:\Users\sande\.gradle\native\100fb08df4bc3b14c8652ba06237920a3bd2aa13389f12d3474272988ae205f9\windows-amd64;C:\Users\sande\AppData\Local\Temp\native-platform15436771404969686955dir

VM Arguments:
jvm_args: --add-opens=java.base/java.util=ALL-UNNAMED --add-opens=java.base/java.lang=ALL-UNNAMED --add-opens=java.base/java.lang.invoke=ALL-UNNAMED --add-opens=java.prefs/java.util.prefs=ALL-UNNAMED --add-exports=jdk.compiler/com.sun.tools.javac.api=ALL-UNNAMED --add-exports=jdk.compiler/com.sun.tools.javac.util=ALL-UNNAMED --add-opens=java.base/java.nio.charset=ALL-UNNAMED --add-opens=java.base/java.net=ALL-UNNAMED --add-opens=java.base/java.util.concurrent.atomic=ALL-UNNAMED -Xmx2048m -Dfile.encoding=UTF-8 -Duser.country=IN -Duser.language=en -Duser.variant -javaagent:C:\Users\sande\.gradle\wrapper\dists\gradle-8.9-bin\90cnw93cvbtalezasaz0blq0a\gradle-8.9\lib\agents\gradle-instrumentation-agent-8.9.jar 
java_command: org.gradle.launcher.daemon.bootstrap.GradleDaemon 8.9
java_class_path (initial): C:\Users\sande\.gradle\wrapper\dists\gradle-8.9-bin\90cnw93cvbtalezasaz0blq0a\gradle-8.9\lib\gradle-daemon-main-8.9.jar
Launcher Type: SUN_STANDARD

[Global flags]
     intx CICompilerCount                          = 4                                         {product} {ergonomic}
     uint ConcGCThreads                            = 2                                         {product} {ergonomic}
     uint G1ConcRefinementThreads                  = 8                                         {product} {ergonomic}
   size_t G1HeapRegionSize                         = 1048576                                   {product} {ergonomic}
    uintx GCDrainStackTargetSize                   = 64                                        {product} {ergonomic}
   size_t InitialHeapSize                          = 402653184                                 {product} {ergonomic}
   size_t MarkStackSize                            = 4194304                                   {product} {ergonomic}
   size_t MaxHeapSize                              = 2147483648                                {product} {command line}
   size_t MaxNewSize                               = 1287651328                                {product} {ergonomic}
   size_t MinHeapDeltaBytes                        = 1048576                                   {product} {ergonomic}
   size_t MinHeapSize                              = 8388608                                   {product} {ergonomic}
    uintx NonNMethodCodeHeapSize                   = 5839372                                {pd product} {ergonomic}
    uintx NonProfiledCodeHeapSize                  = 122909434                              {pd product} {ergonomic}
    uintx ProfiledCodeHeapSize                     = 122909434                              {pd product} {ergonomic}
    uintx ReservedCodeCacheSize                    = 251658240                              {pd product} {ergonomic}
     bool SegmentedCodeCache                       = true                                      {product} {ergonomic}
   size_t SoftMaxHeapSize                          = 2147483648                             {manageable} {ergonomic}
     bool UseCompressedOops                        = true                           {product lp64_product} {ergonomic}
     bool UseG1GC                                  = true                                      {product} {ergonomic}
     bool UseLargePagesIndividualAllocation        = false                                  {pd product} {ergonomic}

Logging:
Log output configuration:
 #0: stdout all=warning uptime,level,tags foldmultilines=false
 #1: stderr all=off uptime,level,tags foldmultilines=false

Environment Variables:
JAVA_HOME=C:\Program Files\Java\jdk-23
PATH=C:\Program Files\Common Files\Oracle\Java\javapath;C:\Windows\system32;C:\Windows;C:\Windows\System32\Wbem;C:\Windows\System32\WindowsPowerShell\v1.0\;C:\Windows\System32\OpenSSH\;C:\Program Files\Git\cmd;C:\Users\sande\AppData\Local\Android\Sdk\platform-tools;C:\Program Files\dotnet\;C:\Users\sande\AppData\Local\Programs\Python\Python313\Scripts\;C:\Users\sande\AppData\Local\Programs\Python\Python313\;C:\Users\sande\AppData\Local\Microsoft\WindowsApps;C:\Users\sande\AppData\Local\Programs\Microsoft VS Code\bin;C:\Program Files\nodejs;C:\Program Files\JetBrains\IntelliJ IDEA 2024.3.1\bin;C:\Program Files\JetBrains\IntelliJ IDEA Community Edition 2024.3.1\bin;C:\src\flutter\bin
USERNAME=sande
OS=Windows_NT
PROCESSOR_IDENTIFIER=Intel64 Family 6 Model 142 Stepping 10, GenuineIntel
TMP=C:\Users\sande\AppData\Local\Temp
TEMP=C:\Users\sande\AppData\Local\Temp




Periodic native trim disabled

JNI global refs:
JNI global refs: 28, weak refs: 0

JNI global refs memory usage: 835, weak refs: 833

Process memory usage:
Resident Set Size: 694252K (2% of 25060480K total physical memory with 8182796K free physical memory)

OOME stack traces (most recent first):
Classloader memory used:
Loader org.gradle.internal.classloader.VisitableURLClassLoader$InstrumentingVisitableURLClassLoader: 57186K
Loader org.gradle.internal.classloader.VisitableURLClassLoader                         : 44728K
Loader bootstrap                                                                       : 32557K
Loader org.gradle.initialization.MixInLegacyTypesClassLoader                           : 13646K
Loader jdk.internal.loader.ClassLoaders$PlatformClassLoader                            : 813K
Loader jdk.internal.reflect.DelegatingClassLoader                                      : 674K
Loader jdk.internal.loader.ClassLoaders$AppClassLoader                                 : 230K
Loader org.gradle.internal.classloader.VisitableURLClassLoader                         : 214K
Loader sun.reflect.misc.MethodUtil                                                     : 2960B

Classes loaded by more than one classloader:
Class Program                                                                         : loaded 5 times (x 69B)
Class Build_gradle                                                                    : loaded 3 times (x 127B)
Class Build_gradle$1                                                                  : loaded 3 times (x 71B)
Class org.gradle.internal.classloader.FilteringClassLoader                            : loaded 2 times (x 102B)
Class net.rubygrapefruit.platform.internal.Platform$FreeBSD64Bit                      : loaded 2 times (x 79B)
Class [Lcom.google.common.base.AbstractIterator$State;                                : loaded 2 times (x 66B)
Class com.google.common.base.CharMatcher$IsEither                                     : loaded 2 times (x 108B)
Class org.gradle.internal.classloader.ClassLoaderHierarchy                            : loaded 2 times (x 67B)
Class net.rubygrapefruit.platform.internal.Platform$FreeBSD                           : loaded 2 times (x 79B)
Class com.google.common.collect.ImmutableEnumSet                                      : loaded 2 times (x 143B)
Class com.google.common.util.concurrent.ExecutionError                                : loaded 2 times (x 79B)
Class com.google.common.collect.ImmutableList$1                                       : loaded 2 times (x 94B)
Class org.gradle.api.internal.classpath.ManifestUtil                                  : loaded 2 times (x 68B)
Class net.rubygrapefruit.platform.NativeException                                     : loaded 2 times (x 79B)
Class com.google.common.collect.RegularImmutableMap                                   : loaded 2 times (x 118B)
Class com.google.common.collect.ImmutableMap$MapViewOfValuesAsSingletonSets           : loaded 2 times (x 122B)
Class com.google.common.reflect.TypeCapture                                           : loaded 2 times (x 68B)
Class [Lorg.objectweb.asm.Symbol;                                                     : loaded 2 times (x 66B)
Class org.objectweb.asm.ClassVisitor                                                  : loaded 2 times (x 85B)
Class com.google.common.collect.UnmodifiableListIterator                              : loaded 2 times (x 92B)
Class org.objectweb.asm.MethodTooLargeException                                       : loaded 2 times (x 80B)
Class [Lcom.google.common.cache.CacheBuilder$OneWeigher;                              : loaded 2 times (x 66B)
Class com.google.common.base.Suppliers                                                : loaded 2 times (x 68B)
Class com.google.common.base.Platform$JdkPatternCompiler                              : loaded 2 times (x 72B)
Class org.gradle.internal.classloader.DefaultClassLoaderFactory                       : loaded 2 times (x 79B)
Class [Lcom.google.common.collect.AbstractIterator$State;                             : loaded 2 times (x 66B)
Class com.google.common.base.CharMatcher$None                                         : loaded 2 times (x 109B)
Class org.gradle.internal.classloader.ClassLoaderVisitor                              : loaded 2 times (x 73B)
Class net.rubygrapefruit.platform.NativeIntegrationUnavailableException               : loaded 2 times (x 79B)
Class net.rubygrapefruit.platform.internal.Platform                                   : loaded 2 times (x 76B)
Class [Lcom.google.common.collect.ImmutableMapEntry;                                  : loaded 2 times (x 66B)
Class org.gradle.api.internal.classpath.EffectiveClassPath                            : loaded 2 times (x 87B)
Class com.google.common.collect.AbstractIterator$1                                    : loaded 2 times (x 68B)
Class com.google.common.collect.ImmutableRangeSet                                     : loaded 2 times (x 112B)
Class com.google.common.collect.ImmutableEnumMap                                      : loaded 2 times (x 122B)
Class com.google.common.collect.ListMultimap                                          : loaded 2 times (x 67B)
Class com.google.common.collect.ImmutableSet$SerializedForm                           : loaded 2 times (x 70B)
Class com.google.common.collect.Sets$1                                                : loaded 2 times (x 136B)
Class org.objectweb.asm.AnnotationVisitor                                             : loaded 2 times (x 75B)
Class com.google.common.base.Splitter                                                 : loaded 2 times (x 69B)
Class org.gradle.api.internal.DefaultClassPathProvider                                : loaded 2 times (x 73B)
Class com.google.common.collect.Maps$ViewCachingAbstractMap                           : loaded 2 times (x 122B)
Class [Lcom.google.common.base.Function;                                              : loaded 2 times (x 66B)
Class com.google.common.collect.Sets$2                                                : loaded 2 times (x 136B)
Class [Lorg.gradle.api.internal.ClassPathProvider;                                    : loaded 2 times (x 66B)
Class org.gradle.api.internal.ClassPathProvider                                       : loaded 2 times (x 67B)
Class com.google.common.reflect.Types$ClassOwnership$1                                : loaded 2 times (x 77B)
Class [Lorg.objectweb.asm.AnnotationVisitor;                                          : loaded 2 times (x 66B)
Class com.google.common.collect.Sets$3                                                : loaded 2 times (x 136B)
Class com.google.common.util.concurrent.AbstractFuture$SafeAtomicHelper               : loaded 2 times (x 76B)
Class com.google.common.cache.LocalCache$LocalLoadingCache                            : loaded 2 times (x 131B)
Class com.google.common.base.AbstractIterator$State                                   : loaded 2 times (x 76B)
Class org.gradle.internal.service.UnknownServiceException                             : loaded 2 times (x 80B)
Class com.google.common.reflect.Types$ClassOwnership$2                                : loaded 2 times (x 77B)
Class com.google.common.reflect.TypeResolver                                          : loaded 2 times (x 69B)
Class com.google.common.collect.Sets$4                                                : loaded 2 times (x 136B)
Class org.objectweb.asm.ModuleVisitor                                                 : loaded 2 times (x 78B)
Class com.google.common.cache.LocalCache$Strength$1                                   : loaded 2 times (x 78B)
Class com.google.common.collect.Collections2$FilteredCollection                       : loaded 2 times (x 116B)
Class com.google.common.reflect.Types$ClassOwnership$3                                : loaded 2 times (x 68B)
Class net.rubygrapefruit.platform.internal.Platform$MacOs64Bit                        : loaded 2 times (x 79B)
Class com.google.common.util.concurrent.SettableFuture                                : loaded 2 times (x 111B)
Class com.google.common.cache.LocalCache$Strength$2                                   : loaded 2 times (x 78B)
Class com.google.common.collect.TransformedIterator                                   : loaded 2 times (x 77B)
Class [Lcom.google.common.collect.Maps$EntryFunction;                                 : loaded 2 times (x 66B)
Class net.rubygrapefruit.platform.internal.Platform$Posix                             : loaded 2 times (x 78B)
Class com.google.common.cache.LocalCache$Strength$3                                   : loaded 2 times (x 78B)
Class com.google.common.collect.MapDifference                                         : loaded 2 times (x 67B)
Class com.google.common.base.Splitter$1                                               : loaded 2 times (x 74B)
Class com.google.common.reflect.Invokable                                             : loaded 2 times (x 100B)
Class org.objectweb.asm.FieldWriter                                                   : loaded 2 times (x 75B)
Class com.google.common.cache.CacheBuilder$NullListener                               : loaded 2 times (x 79B)
Class org.gradle.internal.classpath.TransformedClassPath                              : loaded 2 times (x 93B)
Class com.google.common.collect.Maps$IteratorBasedAbstractMap$1                       : loaded 2 times (x 135B)
Class com.google.common.reflect.Types$ParameterizedTypeImpl                           : loaded 2 times (x 78B)
Class com.google.common.collect.ImmutableRangeSet$AsSet                               : loaded 2 times (x 296B)
Class com.google.common.cache.CacheLoader$FunctionToCacheLoader                       : loaded 2 times (x 72B)
Class com.google.common.collect.Iterators$ArrayItr                                    : loaded 2 times (x 94B)
Class com.google.common.collect.ImmutableCollection$Builder                           : loaded 2 times (x 73B)
Class com.google.common.reflect.TypeResolver$TypeVariableKey                          : loaded 2 times (x 69B)
Class com.google.common.base.Joiner                                                   : loaded 2 times (x 76B)
Class com.google.common.base.MoreObjects                                              : loaded 2 times (x 68B)
Class [Lorg.objectweb.asm.Type;                                                       : loaded 2 times (x 66B)
Class com.google.common.collect.Platform                                              : loaded 2 times (x 68B)
Class com.google.common.collect.UnmodifiableIterator                                  : loaded 2 times (x 77B)
Class org.gradle.internal.service.ServiceLocator                                      : loaded 2 times (x 67B)
Class com.google.common.base.Ascii                                                    : loaded 2 times (x 68B)
Class com.google.common.collect.SingletonImmutableBiMap                               : loaded 2 times (x 140B)
Class com.google.common.cache.LocalCache$1                                            : loaded 2 times (x 86B)
Class com.google.common.collect.AbstractMapEntry                                      : loaded 2 times (x 78B)
Class com.google.common.reflect.TypeToken$SimpleTypeToken                             : loaded 2 times (x 70B)
Class com.google.common.collect.Sets$ImprovedAbstractSet                              : loaded 2 times (x 132B)
Class com.google.common.collect.ImmutableList$Builder                                 : loaded 2 times (x 74B)
Class com.google.common.cache.LocalCache$2                                            : loaded 2 times (x 139B)
Class com.google.common.collect.AbstractMultimap                                      : loaded 2 times (x 120B)
Class com.google.common.collect.ImmutableRangeSet$1                                   : loaded 2 times (x 206B)
Class com.google.common.util.concurrent.AbstractFuture$UnsafeAtomicHelper$1           : loaded 2 times (x 73B)
Class com.google.common.collect.RegularImmutableAsList                                : loaded 2 times (x 213B)
Class com.google.common.base.Optional                                                 : loaded 2 times (x 77B)
Class com.google.common.collect.Range                                                 : loaded 2 times (x 84B)
Class com.google.common.util.concurrent.AbstractFuture$Trusted                        : loaded 2 times (x 67B)
Class com.google.common.collect.Iterators                                             : loaded 2 times (x 68B)
Class com.google.common.base.CharMatcher$RangesMatcher                                : loaded 2 times (x 109B)
Class net.rubygrapefruit.platform.internal.Platform$Linux32Bit                        : loaded 2 times (x 80B)
Class com.google.common.util.concurrent.UncheckedExecutionException                   : loaded 2 times (x 79B)
Class com.google.common.collect.Lists$StringAsImmutableList                           : loaded 2 times (x 204B)
Class org.gradle.kotlin.dsl.VersionCatalogAccessorsKt                                 : loaded 2 times (x 68B)
Class net.rubygrapefruit.platform.Native                                              : loaded 2 times (x 68B)
Class net.rubygrapefruit.platform.NativeIntegration                                   : loaded 2 times (x 67B)
Class com.google.common.collect.ImmutableSortedSetFauxverideShim                      : loaded 2 times (x 144B)
Class com.google.common.base.CharMatcher$JavaLetterOrDigit                            : loaded 2 times (x 108B)
Class org.gradle.internal.InternalTransformer                                         : loaded 2 times (x 67B)
Class [Lnet.rubygrapefruit.platform.internal.FunctionResult$Failure;                  : loaded 2 times (x 66B)
Class com.google.common.collect.AbstractMapBasedMultimap$KeySet$1                     : loaded 2 times (x 79B)
Class org.objectweb.asm.ClassWriter                                                   : loaded 2 times (x 103B)
Class com.google.common.cache.CacheLoader$UnsupportedLoadingOperationException        : loaded 2 times (x 79B)
Class com.google.common.base.CharMatcher$And                                          : loaded 2 times (x 109B)
Class org.gradle.internal.classloader.ClasspathUtil$1                                 : loaded 2 times (x 73B)
Class com.google.common.collect.FluentIterable$1                                      : loaded 2 times (x 78B)
Class com.google.common.base.Objects                                                  : loaded 2 times (x 68B)
Class org.objectweb.asm.FieldVisitor                                                  : loaded 2 times (x 74B)
Class com.google.common.collect.IndexedImmutableSet                                   : loaded 2 times (x 147B)
Class com.google.common.collect.ImmutableMap$1                                        : loaded 2 times (x 78B)
Class com.google.common.collect.BiMap                                                 : loaded 2 times (x 67B)
Class org.gradle.api.internal.classpath.DefaultModuleRegistry$DefaultModule           : loaded 2 times (x 83B)
Class com.google.common.collect.FluentIterable$2                                      : loaded 2 times (x 78B)
Class com.google.common.base.Absent                                                   : loaded 2 times (x 77B)
Class com.google.common.reflect.Reflection                                            : loaded 2 times (x 68B)
Class com.google.common.primitives.Ints                                               : loaded 2 times (x 68B)
Class com.google.common.collect.AbstractIterator                                      : loaded 2 times (x 79B)
Class com.google.common.collect.RegularImmutableMap$KeySet                            : loaded 2 times (x 147B)
Class com.google.common.math.MathPreconditions                                        : loaded 2 times (x 68B)
Class com.google.common.collect.Multiset                                              : loaded 2 times (x 67B)
Class com.google.common.collect.ArrayListMultimapGwtSerializationDependencies         : loaded 2 times (x 169B)
Class com.google.common.collect.ObjectArrays                                          : loaded 2 times (x 68B)
Class com.google.common.collect.AbstractIndexedListIterator                           : loaded 2 times (x 93B)
Class com.google.common.collect.ImmutableMapEntrySet                                  : loaded 2 times (x 148B)
Class org.gradle.api.internal.classpath.Module                                        : loaded 2 times (x 67B)
Class com.google.common.cache.Weigher                                                 : loaded 2 times (x 67B)
Class org.gradle.api.internal.classpath.UnknownModuleException                        : loaded 2 times (x 79B)
Class com.google.common.base.Stopwatch                                                : loaded 2 times (x 69B)
Class com.google.common.cache.LocalCache$Strength                                     : loaded 2 times (x 78B)
Class com.google.common.cache.Cache                                                   : loaded 2 times (x 67B)
Class com.google.common.util.concurrent.AbstractFuture$Cancellation                   : loaded 2 times (x 69B)
Class com.google.common.collect.ImmutableMap$Builder                                  : loaded 2 times (x 79B)
Class com.google.common.base.NullnessCasts                                            : loaded 2 times (x 68B)
Class com.google.common.collect.Maps$EntryFunction$1                                  : loaded 2 times (x 88B)
Class com.google.common.base.Present                                                  : loaded 2 times (x 78B)
Class net.rubygrapefruit.platform.internal.FunctionResult                             : loaded 2 times (x 74B)
Class com.google.common.cache.RemovalListener                                         : loaded 2 times (x 67B)
Class org.gradle.api.internal.DefaultClassPathRegistry                                : loaded 2 times (x 73B)
Class com.google.common.collect.Maps$EntryFunction$2                                  : loaded 2 times (x 88B)
Class com.google.common.reflect.Invokable$ConstructorInvokable                        : loaded 2 times (x 104B)
Class net.rubygrapefruit.platform.NativeIntegrationLinkageException                   : loaded 2 times (x 79B)
Class com.google.common.primitives.IntsMethodsForWeb                                  : loaded 2 times (x 68B)
Class com.google.common.collect.Multimap                                              : loaded 2 times (x 67B)
Class org.gradle.api.internal.ClassPathRegistry                                       : loaded 2 times (x 67B)
Class org.gradle.internal.classpath.DefaultClassPath$ImmutableUniqueList              : loaded 2 times (x 196B)
Class com.google.common.reflect.TypeToken                                             : loaded 2 times (x 70B)
Class com.google.common.base.ExtraObjectsMethodsForWeb                                : loaded 2 times (x 68B)
Class com.google.common.base.PairwiseEquivalence                                      : loaded 2 times (x 80B)
Class net.rubygrapefruit.platform.internal.jni.NativeLibraryFunctions                 : loaded 2 times (x 68B)
Class com.google.common.cache.CacheBuilder                                            : loaded 2 times (x 69B)
Class com.google.common.collect.SingletonImmutableList                                : loaded 2 times (x 204B)
Class Settings_gradle$1                                                               : loaded 2 times (x 71B)
Class org.gradle.internal.classpath.ClassPath                                         : loaded 2 times (x 67B)
Class org.gradle.api.UncheckedIOException                                             : loaded 2 times (x 79B)
Class [Lcom.google.common.reflect.Types$JavaVersion;                                  : loaded 2 times (x 66B)
Class com.google.common.collect.ImmutableList$ReverseImmutableList                    : loaded 2 times (x 205B)
Class com.google.common.base.JdkPattern                                               : loaded 2 times (x 72B)
Class net.rubygrapefruit.platform.internal.Platform$Windows                           : loaded 2 times (x 76B)
Class org.objectweb.asm.SymbolTable$Entry                                             : loaded 2 times (x 71B)
Class com.google.common.util.concurrent.AbstractFuture$AtomicHelper                   : loaded 2 times (x 75B)
Class org.objectweb.asm.Edge                                                          : loaded 2 times (x 69B)
Class com.google.common.base.Suppliers$SupplierOfInstance                             : loaded 2 times (x 76B)
Class com.google.common.collect.Iterators$1                                           : loaded 2 times (x 78B)
Class com.google.common.reflect.TypeToken$1                                           : loaded 2 times (x 107B)
Class com.google.common.cache.LocalCache$ComputingValueReference                      : loaded 2 times (x 93B)
Class com.google.common.collect.SingletonImmutableSet                                 : loaded 2 times (x 143B)
Class com.google.common.collect.ImmutableMap$IteratorBasedImmutableMap                : loaded 2 times (x 122B)
Class com.google.common.reflect.TypeToken$2                                           : loaded 2 times (x 107B)
Class com.google.common.cache.LocalCache$Segment                                      : loaded 2 times (x 151B)
Class net.rubygrapefruit.platform.internal.LibraryDef                                 : loaded 2 times (x 69B)
Class com.google.common.collect.SortedIterable                                        : loaded 2 times (x 67B)
Class [Lorg.objectweb.asm.SymbolTable$Entry;                                          : loaded 2 times (x 66B)
Class com.google.common.cache.CacheLoader                                             : loaded 2 times (x 71B)
Class com.google.common.collect.Iterators$4                                           : loaded 2 times (x 79B)
Class com.google.common.collect.ImmutableBiMap                                        : loaded 2 times (x 140B)
Class com.google.common.collect.AbstractListMultimap                                  : loaded 2 times (x 169B)
Class org.gradle.internal.installation.GradleInstallation$1                           : loaded 2 times (x 72B)
Class org.gradle.api.internal.classpath.ModuleRegistry                                : loaded 2 times (x 67B)
Class com.google.common.util.concurrent.internal.InternalFutureFailureAccess          : loaded 2 times (x 69B)
Class com.google.common.collect.Iterators$5                                           : loaded 2 times (x 79B)
Class com.google.common.collect.ImmutableSet$JdkBackedSetBuilderImpl                  : loaded 2 times (x 73B)
Class com.google.common.base.Splitter$SplittingIterator                               : loaded 2 times (x 81B)
Class com.google.common.collect.Iterators$6                                           : loaded 2 times (x 78B)
Class com.google.common.io.Closer$SuppressingSuppressor                               : loaded 2 times (x 72B)
Class com.google.common.util.concurrent.AbstractFuture$UnsafeAtomicHelper             : loaded 2 times (x 75B)
Class com.google.common.cache.LocalCache$LocalManualCache$1                           : loaded 2 times (x 72B)
Class com.google.common.base.CharMatcher$ForPredicate                                 : loaded 2 times (x 109B)
Class net.rubygrapefruit.platform.internal.Platform$Window32Bit                       : loaded 2 times (x 76B)
Class com.google.common.collect.ImmutableCollection                                   : loaded 2 times (x 122B)
Class com.google.common.base.CharMatcher$AnyOf                                        : loaded 2 times (x 109B)
Class org.gradle.api.internal.classpath.DefaultModuleRegistry                         : loaded 2 times (x 80B)
Class com.google.common.util.concurrent.ListenableFuture                              : loaded 2 times (x 67B)
Class com.google.common.cache.ReferenceEntry                                          : loaded 2 times (x 67B)
Class com.google.common.collect.ImmutableSet$CachingAsList                            : loaded 2 times (x 144B)
Class com.google.common.base.Converter                                                : loaded 2 times (x 87B)
Class com.google.common.collect.Lists                                                 : loaded 2 times (x 68B)
Class com.google.common.base.CharMatcher$Any                                          : loaded 2 times (x 109B)
Class com.google.common.util.concurrent.AbstractFuture                                : loaded 2 times (x 103B)
Class com.google.common.base.FunctionalEquivalence                                    : loaded 2 times (x 80B)
Class com.google.common.collect.Iterators$9                                           : loaded 2 times (x 78B)
Class com.google.common.collect.AbstractMapBasedMultimap                              : loaded 2 times (x 136B)
Class com.google.common.collect.ImmutableAsList                                       : loaded 2 times (x 206B)
Class com.google.common.reflect.TypeResolver$TypeTable                                : loaded 2 times (x 70B)
Class org.objectweb.asm.RecordComponentVisitor                                        : loaded 2 times (x 74B)
Class com.google.common.cache.CacheLoader$SupplierToCacheLoader                       : loaded 2 times (x 72B)
Class com.google.common.reflect.TypeResolver$TypeTable$1                              : loaded 2 times (x 70B)
Class com.google.common.collect.Maps$EntryTransformer                                 : loaded 2 times (x 67B)
Class org.gradle.internal.service.ServiceLookupException                              : loaded 2 times (x 79B)
Class com.google.common.collect.ImmutableSortedSet                                    : loaded 2 times (x 296B)
Class [Lcom.google.common.cache.LocalCache$EntryFactory;                              : loaded 2 times (x 66B)
Class com.google.common.base.CharMatcher$JavaLetter                                   : loaded 2 times (x 108B)
Class org.gradle.internal.classloader.ClassLoaderFactory                              : loaded 2 times (x 67B)
Class net.rubygrapefruit.platform.internal.Platform$Linux                             : loaded 2 times (x 80B)
Class com.google.common.cache.LocalCache$LocalManualCache                             : loaded 2 times (x 96B)
Class com.google.common.base.CharMatcher$IsNot                                        : loaded 2 times (x 108B)
Class com.google.common.base.CommonPattern                                            : loaded 2 times (x 71B)
Class org.gradle.internal.service.CachingServiceLocator                               : loaded 2 times (x 79B)
Class com.google.common.collect.AbstractMapBasedMultimap$KeySet                       : loaded 2 times (x 134B)
Class com.google.common.collect.RegularImmutableSortedSet                             : loaded 2 times (x 296B)
Class com.google.common.math.IntMath                                                  : loaded 2 times (x 68B)
Class com.google.common.reflect.Types$TypeVariableInvocationHandler                   : loaded 2 times (x 72B)
Class com.google.common.collect.Iterators$10                                          : loaded 2 times (x 78B)
Class com.google.common.collect.ImmutableMapEntry                                     : loaded 2 times (x 82B)
Class com.google.common.base.CharMatcher$JavaDigit                                    : loaded 2 times (x 108B)
Class com.google.common.base.Predicates                                               : loaded 2 times (x 68B)
Class com.google.common.base.Equivalence                                              : loaded 2 times (x 79B)
Class com.google.common.collect.ImmutableMapEntry$NonTerminalImmutableMapEntry        : loaded 2 times (x 82B)
Class com.google.common.base.Function                                                 : loaded 2 times (x 67B)
Class com.google.common.collect.IndexedImmutableSet$1                                 : loaded 2 times (x 209B)
Class com.google.common.cache.CacheBuilder$OneWeigher                                 : loaded 2 times (x 79B)
Class com.google.common.collect.RegularImmutableList                                  : loaded 2 times (x 209B)
Class com.google.common.collect.Maps$EntryFunction                                    : loaded 2 times (x 88B)
Class com.google.common.reflect.Types$ClassOwnership$1LocalClass                      : loaded 2 times (x 68B)
Class net.rubygrapefruit.platform.internal.Platform$Unsupported                       : loaded 2 times (x 76B)
Class net.rubygrapefruit.platform.internal.Platform$FreeBSD32Bit                      : loaded 2 times (x 79B)
Class com.google.common.collect.ImmutableBiMapFauxverideShim                          : loaded 2 times (x 117B)
Class org.gradle.internal.classloader.ClasspathUtil                                   : loaded 2 times (x 68B)
Class net.rubygrapefruit.platform.internal.Platform$Unix                              : loaded 2 times (x 79B)
Class com.google.common.base.Charsets                                                 : loaded 2 times (x 68B)
Class com.google.common.util.concurrent.Uninterruptibles                              : loaded 2 times (x 68B)
Class com.google.common.collect.Maps                                                  : loaded 2 times (x 68B)
Class com.google.common.base.CharMatcher$JavaUpperCase                                : loaded 2 times (x 108B)
Class org.gradle.api.specs.Spec                                                       : loaded 2 times (x 67B)
Class com.google.common.reflect.Types$JavaVersion                                     : loaded 2 times (x 80B)
Class [Lcom.google.common.collect.ImmutableEntry;                                     : loaded 2 times (x 66B)
Class com.google.common.cache.LocalCache$LoadingValueReference                        : loaded 2 times (x 93B)
Class com.google.common.collect.FluentIterable$3                                      : loaded 2 times (x 78B)
Class com.google.common.reflect.Invokable$MethodInvokable                             : loaded 2 times (x 104B)
Class com.google.common.base.Platform                                                 : loaded 2 times (x 68B)
Class [Lorg.objectweb.asm.AnnotationWriter;                                           : loaded 2 times (x 66B)
Class com.google.common.primitives.Ints$IntConverter                                  : loaded 2 times (x 87B)
Class com.google.common.collect.Maps$8                                                : loaded 2 times (x 79B)
Class com.google.common.base.Predicates$CompositionPredicate                          : loaded 2 times (x 85B)
Class com.google.common.collect.ImmutableRangeSet$Builder                             : loaded 2 times (x 74B)
Class com.google.common.collect.Sets$SetView                                          : loaded 2 times (x 135B)
Class com.google.common.cache.LocalCache$StrongValueReference                         : loaded 2 times (x 87B)
Class com.google.common.util.concurrent.AbstractFuture$SynchronizedHelper             : loaded 2 times (x 75B)
Class com.google.common.base.CharMatcher$Invisible                                    : loaded 2 times (x 109B)
Class org.objectweb.asm.Type                                                          : loaded 2 times (x 69B)
Class org.gradle.internal.classloader.VisitableURLClassLoader$InstrumentingVisitableURLClassLoader: loaded 2 times (x 120B)
Class org.objectweb.asm.ByteVector                                                    : loaded 2 times (x 76B)
Class [Lcom.google.common.cache.CacheBuilder$NullListener;                            : loaded 2 times (x 66B)
Class com.google.common.math.IntMath$1                                                : loaded 2 times (x 68B)
Class org.gradle.internal.classloader.VisitableURLClassLoader$Spec                    : loaded 2 times (x 71B)
Class org.gradle.internal.classpath.DefaultClassPath                                  : loaded 2 times (x 87B)
Class com.google.common.reflect.Types$ClassOwnership                                  : loaded 2 times (x 77B)
Class org.objectweb.asm.Symbol                                                        : loaded 2 times (x 70B)
Class com.google.common.base.AbstractIterator                                         : loaded 2 times (x 77B)
Class com.google.common.collect.Sets$FilteredSet                                      : loaded 2 times (x 134B)
Class com.google.common.io.Closer                                                     : loaded 2 times (x 75B)
Class com.google.common.collect.RegularImmutableMap$Values                            : loaded 2 times (x 204B)
Class com.google.common.collect.ImmutableSet                                          : loaded 2 times (x 142B)
Class com.google.common.base.CharMatcher$Ascii                                        : loaded 2 times (x 109B)
Class com.google.common.base.CharMatcher$BitSetMatcher                                : loaded 2 times (x 109B)
Class org.gradle.internal.classloader.ClassLoaderSpec                                 : loaded 2 times (x 68B)
Class net.rubygrapefruit.platform.internal.Platform$MacOs32Bit                        : loaded 2 times (x 79B)
Class net.rubygrapefruit.platform.internal.Platform$Linux64Bit                        : loaded 2 times (x 80B)
Class org.objectweb.asm.AnnotationWriter                                              : loaded 2 times (x 76B)
Class com.google.common.cache.CacheStats                                              : loaded 2 times (x 68B)
Class com.google.common.io.Closer$Suppressor                                          : loaded 2 times (x 67B)
Class org.objectweb.asm.RecordComponentWriter                                         : loaded 2 times (x 75B)
Class com.google.common.util.concurrent.AbstractFuture$Listener                       : loaded 2 times (x 69B)
Class com.google.common.base.CharMatcher$Or                                           : loaded 2 times (x 109B)
Class Settings_gradle$1$1                                                             : loaded 2 times (x 71B)
Class org.objectweb.asm.Attribute                                                     : loaded 2 times (x 74B)
Class com.google.common.base.Supplier                                                 : loaded 2 times (x 67B)
Class org.gradle.internal.classloader.VisitableURLClassLoader                         : loaded 2 times (x 114B)
Class com.google.common.collect.ImmutableList$SerializedForm                          : loaded 2 times (x 70B)
Class net.rubygrapefruit.platform.internal.FunctionResult$Failure                     : loaded 2 times (x 76B)
Class net.rubygrapefruit.platform.internal.NativeLibraryLoader                        : loaded 2 times (x 70B)
Class com.google.common.util.concurrent.AbstractFuture$Waiter                         : loaded 2 times (x 69B)
Class Settings_gradle                                                                 : loaded 2 times (x 125B)
Class org.gradle.internal.Cast                                                        : loaded 2 times (x 68B)
Class org.gradle.api.Action                                                           : loaded 2 times (x 67B)
Class com.google.common.collect.Sets                                                  : loaded 2 times (x 68B)
Class org.objectweb.asm.Handler                                                       : loaded 2 times (x 69B)
Class com.google.common.base.Ticker                                                   : loaded 2 times (x 69B)
Class com.google.common.base.Strings                                                  : loaded 2 times (x 68B)
Class com.google.common.base.CharMatcher$FastMatcher                                  : loaded 2 times (x 108B)
Class org.gradle.internal.agents.InstrumentingClassLoader                             : loaded 2 times (x 67B)
Class [Lcom.google.common.cache.LocalCache$Segment;                                   : loaded 2 times (x 66B)
Class [Lcom.google.common.cache.LocalCache$Strength;                                  : loaded 2 times (x 66B)
Class com.google.common.cache.CacheBuilder$1                                          : loaded 2 times (x 82B)
Class com.google.common.collect.ImmutableMap                                          : loaded 2 times (x 117B)
Class com.google.common.base.Predicate                                                : loaded 2 times (x 67B)
Class org.gradle.internal.classpath.DefaultClassPath$ImmutableUniqueList$Builder      : loaded 2 times (x 72B)
Class com.google.common.collect.AbstractRangeSet                                      : loaded 2 times (x 111B)
Class com.google.common.cache.LocalCache                                              : loaded 2 times (x 184B)
Class com.google.common.cache.CacheBuilder$2                                          : loaded 2 times (x 69B)
Class com.google.common.base.CharMatcher$NegatedFastMatcher                           : loaded 2 times (x 110B)
Class [Lcom.google.common.collect.AbstractMapEntry;                                   : loaded 2 times (x 66B)
Class com.google.common.collect.ImmutableEntry                                        : loaded 2 times (x 79B)
Class com.google.common.collect.ArrayListMultimap                                     : loaded 2 times (x 169B)
Class com.google.common.base.AbstractIterator$1                                       : loaded 2 times (x 68B)
Class com.google.common.base.CharMatcher$Digit                                        : loaded 2 times (x 109B)
Class org.gradle.api.GradleException                                                  : loaded 2 times (x 79B)
Class com.google.common.base.Suppliers$MemoizingSupplier                              : loaded 2 times (x 76B)
Class com.google.common.collect.CollectPreconditions                                  : loaded 2 times (x 68B)
Class com.google.common.base.CharMatcher$JavaIsoControl                               : loaded 2 times (x 109B)
Class com.google.common.collect.Maps$AbstractFilteredMap                              : loaded 2 times (x 124B)
Class com.google.common.collect.SortedMapDifference                                   : loaded 2 times (x 67B)
Class com.google.common.base.CharMatcher$JavaLowerCase                                : loaded 2 times (x 108B)
Class net.rubygrapefruit.platform.internal.NativeLibraryLocator                       : loaded 2 times (x 70B)
Class net.rubygrapefruit.platform.Process                                             : loaded 2 times (x 67B)
Class com.google.common.cache.LocalCache$WriteThroughEntry                            : loaded 2 times (x 76B)
Class com.google.common.cache.LocalCache$HashIterator                                 : loaded 2 times (x 83B)
Class com.google.common.cache.LocalCache$EntryFactory                                 : loaded 2 times (x 80B)
Class com.google.common.collect.Iterables$5                                           : loaded 2 times (x 78B)
Class com.google.common.reflect.Types$NativeTypeVariableEquals                        : loaded 2 times (x 68B)
Class com.google.common.reflect.TypeParameter                                         : loaded 2 times (x 69B)
Class com.google.common.cache.LocalCache$AbstractReferenceEntry                       : loaded 2 times (x 104B)
Class com.google.common.base.Splitter$1$1                                             : loaded 2 times (x 83B)
Class com.google.common.base.CharMatcher$Whitespace                                   : loaded 2 times (x 109B)
Class org.gradle.internal.IoActions                                                   : loaded 2 times (x 68B)
Class com.google.common.collect.ImmutableRangeSet$ComplementRanges                    : loaded 2 times (x 204B)
Class org.objectweb.asm.SymbolTable                                                   : loaded 2 times (x 69B)
Class com.google.common.cache.CacheLoader$InvalidCacheLoadException                   : loaded 2 times (x 79B)
Class com.google.common.collect.ImmutableSet$RegularSetBuilderImpl                    : loaded 2 times (x 74B)
Class com.google.common.base.CharMatcher$SingleWidth                                  : loaded 2 times (x 109B)
Class org.gradle.internal.classloader.SystemClassLoaderSpec                           : loaded 2 times (x 68B)
Class com.google.common.collect.FluentIterable                                        : loaded 2 times (x 78B)
Class com.google.common.cache.LocalCache$StrongEntry                                  : loaded 2 times (x 105B)
Class com.google.common.util.concurrent.AbstractFuture$TrustedFuture                  : loaded 2 times (x 111B)
Class com.google.common.cache.LoadingCache                                            : loaded 2 times (x 67B)
Class com.google.common.base.Suppliers$NonSerializableMemoizingSupplier               : loaded 2 times (x 76B)
Class net.rubygrapefruit.platform.ProcessLauncher                                     : loaded 2 times (x 67B)
Class org.objectweb.asm.MethodWriter                                                  : loaded 2 times (x 103B)
Class [Lcom.google.common.cache.Weigher;                                              : loaded 2 times (x 66B)
Class com.google.common.collect.RegularImmutableMap$BucketOverflowException           : loaded 2 times (x 79B)
Class com.google.common.collect.AbstractIterator$State                                : loaded 2 times (x 76B)
Class com.google.common.reflect.Types$JavaVersion$1                                   : loaded 2 times (x 80B)
Class com.google.common.collect.RegularImmutableBiMap                                 : loaded 2 times (x 145B)
Class com.google.common.cache.LocalCache$ValueReference                               : loaded 2 times (x 67B)
Class com.google.common.base.CharMatcher$Is                                           : loaded 2 times (x 108B)
Class com.google.common.base.CharMatcher$Negated                                      : loaded 2 times (x 110B)
Class com.google.common.hash.PrimitiveSink                                            : loaded 2 times (x 67B)
Class com.google.common.reflect.Types$JavaVersion$2                                   : loaded 2 times (x 80B)
Class com.google.common.reflect.Types                                                 : loaded 2 times (x 68B)
Class com.google.common.util.concurrent.AbstractFuture$Failure                        : loaded 2 times (x 69B)
Class com.google.common.base.Equivalence$Equals                                       : loaded 2 times (x 79B)
Class com.google.common.collect.Hashing                                               : loaded 2 times (x 68B)
Class com.google.common.base.PatternCompiler                                          : loaded 2 times (x 67B)
Class com.google.common.base.Preconditions                                            : loaded 2 times (x 68B)
Class com.google.common.reflect.Types$JavaVersion$3                                   : loaded 2 times (x 80B)
Class com.google.common.base.Joiner$1                                                 : loaded 2 times (x 77B)
Class org.objectweb.asm.Label                                                         : loaded 2 times (x 70B)
Class org.objectweb.asm.CurrentFrame                                                  : loaded 2 times (x 70B)
Class org.objectweb.asm.ClassTooLargeException                                        : loaded 2 times (x 80B)
Class com.google.common.collect.PeekingIterator                                       : loaded 2 times (x 67B)
Class com.google.common.base.CharMatcher                                              : loaded 2 times (x 108B)
Class com.google.common.reflect.Types$JavaVersion$4                                   : loaded 2 times (x 80B)
Class com.google.common.collect.Maps$IteratorBasedAbstractMap                         : loaded 2 times (x 122B)
Class com.google.common.collect.RangeGwtSerializationDependencies                     : loaded 2 times (x 68B)
Class com.google.common.base.Joiner$2                                                 : loaded 2 times (x 76B)
Class org.objectweb.asm.Frame                                                         : loaded 2 times (x 70B)
Class org.objectweb.asm.MethodVisitor                                                 : loaded 2 times (x 102B)
Class com.google.common.cache.LocalCache$EntryFactory$1                               : loaded 2 times (x 80B)
Class [Lcom.google.common.cache.RemovalListener;                                      : loaded 2 times (x 66B)
Class com.google.common.base.CharMatcher$1                                            : loaded 2 times (x 110B)
Class com.google.common.base.CharMatcher$NamedFastMatcher                             : loaded 2 times (x 109B)
Class com.google.common.reflect.Types$JavaVersion$5                                   : loaded 2 times (x 68B)
Class [Lcom.google.common.reflect.Types$ClassOwnership;                               : loaded 2 times (x 66B)
Class com.google.common.collect.RangeSet                                              : loaded 2 times (x 67B)
Class com.google.common.cache.LocalCache$EntryFactory$2                               : loaded 2 times (x 80B)
Class com.google.common.collect.CollectCollectors                                     : loaded 2 times (x 68B)
Class org.objectweb.asm.ModuleWriter                                                  : loaded 2 times (x 79B)
Class com.google.common.cache.LocalCache$EntryFactory$3                               : loaded 2 times (x 80B)
Class com.google.common.base.Ticker$1                                                 : loaded 2 times (x 69B)
Class com.google.common.collect.ImmutableMapEntrySet$RegularEntrySet                  : loaded 2 times (x 148B)
Class com.google.common.collect.Maps$BiMapConverter                                   : loaded 2 times (x 87B)
Class net.rubygrapefruit.platform.internal.Platform$MacOs                             : loaded 2 times (x 79B)
Class net.rubygrapefruit.platform.internal.Platform$Window64Bit                       : loaded 2 times (x 76B)
Class com.google.common.cache.LocalCache$EntryFactory$4                               : loaded 2 times (x 80B)
Class com.google.common.collect.ImmutableSet$Builder                                  : loaded 2 times (x 82B)
Class com.google.common.base.CharMatcher$InRange                                      : loaded 2 times (x 108B)
Class com.google.common.cache.LocalCache$EntryFactory$5                               : loaded 2 times (x 80B)
Class com.google.common.base.Equivalence$Identity                                     : loaded 2 times (x 79B)
Class com.google.common.cache.LocalCache$EntryFactory$6                               : loaded 2 times (x 80B)
Class org.gradle.internal.installation.CurrentGradleInstallationLocator               : loaded 2 times (x 68B)
Class com.google.common.collect.Maps$KeySet                                           : loaded 2 times (x 134B)
Class com.google.common.cache.LocalCache$EntryFactory$7                               : loaded 2 times (x 80B)
Class com.google.common.collect.ImmutableSet$EmptySetBuilderImpl                      : loaded 2 times (x 73B)
Class com.google.common.collect.ImmutableList                                         : loaded 2 times (x 203B)
Class org.gradle.internal.service.DefaultServiceLocator                               : loaded 2 times (x 80B)
Class com.google.common.collect.Maps$EntrySet                                         : loaded 2 times (x 133B)
Class com.google.common.cache.LocalCache$EntryFactory$8                               : loaded 2 times (x 80B)
Class com.google.common.collect.ImmutableSet$SetBuilderImpl                           : loaded 2 times (x 73B)
Class org.gradle.internal.installation.CurrentGradleInstallation                      : loaded 2 times (x 70B)
Class com.google.common.cache.CacheLoader$1                                           : loaded 2 times (x 72B)
Class com.google.common.collect.ForwardingObject                                      : loaded 2 times (x 69B)
Class com.google.common.collect.ImmutableList$SubList                                 : loaded 2 times (x 205B)
Class org.gradle.util.internal.GUtil                                                  : loaded 2 times (x 68B)
Class com.google.common.util.concurrent.AbstractFuture$SetFuture                      : loaded 2 times (x 72B)
Class com.google.common.cache.AbstractCache$StatsCounter                              : loaded 2 times (x 67B)
Class com.google.common.reflect.Types$TypeVariableImpl                                : loaded 2 times (x 69B)
Class com.google.common.collect.Iterators$MergingIterator                             : loaded 2 times (x 78B)
Class com.google.common.collect.RegularImmutableSet                                   : loaded 2 times (x 145B)
Class org.gradle.internal.installation.GradleInstallation                             : loaded 2 times (x 72B)
Class com.google.common.collect.Iterables                                             : loaded 2 times (x 68B)
Class com.google.common.base.Splitter$Strategy                                        : loaded 2 times (x 67B)

---------------  S Y S T E M  ---------------

OS:
 Windows 10 , 64 bit Build 19041 (10.0.19041.5438)
OS uptime: 2 days 23:58 hours

CPU: total 8 (initial active 8) (4 cores per cpu, 2 threads per core) family 6 model 142 stepping 10 microcode 0xf0, cx8, cmov, fxsr, ht, mmx, 3dnowpref, sse, sse2, sse3, ssse3, sse4.1, sse4.2, popcnt, lzcnt, tsc, tscinvbit, avx, avx2, aes, erms, clmul, bmi1, bmi2, adx, fma, vzeroupper, clflush, clflushopt, rdtscp, f16c
Processor Information for all 8 processors :
  Max Mhz: 1992, Current Mhz: 1792, Mhz Limit: 1792

Memory: 4k page, system-wide physical 24473M (7991M free)
TotalPageFile size 30105M (AvailPageFile size 9903M)
current process WorkingSet (physical memory assigned to process): 677M, peak: 681M
current process commit charge ("private bytes"): 711M, peak: 716M

vm_info: OpenJDK 64-Bit Server VM (21.0.3+-12282718-b509.11) for windows-amd64 JRE (21.0.3+-12282718-b509.11), built on 2024-08-27T17:34:15Z by "builder" with MS VC++ 16.10 / 16.11 (VS2019)

END.
